Workbook

Sheet Notes and Guidelines
A1: General guidelines
B2: - Do not assign anyone to a date that they are not available
B3: - Try to evenly distribute standby shifts amongst members.
B4: - Some members with multiple qualifications (i.e CL and Skid Driver, Fireline role and Planning etc may get 1-2 extra shifts to cover those positions)
B5: - Those doing Helitack should do the majority of their standbys as Helitack due to numbers. Helitack members should also get 1-2 extra shifts at their home base
B6: - When using Trainee drivers, a qualified driver needs to be on crew, so for those scenarios use members who are FF and DRV qualified
B7: - A member can only be on standby once per weekend
B8: - Members should not be on standby two weekends in a row where-ever possible.
B9: - Members should not do more than 3 shifts over any rolling 2 month period to prevent burn-out.
A11: Starting point is the AvailabilityFormData which is the data from an online form used by volunteers to submit their availability for the upcoming season.
B12: - Note Column D for those that would like to do more than the average amount of shifts.
B13: - Note Column BD for those that have special conditions that need to be applied
B14: - Note Column BE and BE for those members that would like to do standbys at other bases, typically 1-2 shifts per "Dual Member" where one base might be short.
B15: - Not all members that are qualified and active submit dates so some might need to be assigned dates. This is kept to a minimum to avoid changes and swaps later.
A17: Those dates then map to the standby dates in the VWS Roster tab, using the Quals (Qualifications) tab to define which members can will which positions on those available standbys.
B18: - I've added the Roster Compositions tab to better define what each standby type and per base
B19: - The Role Definitions tab gives an overview of the roles and rules around those roles when allocating.
B20: - Note: Helitack standbys are filled from the Helitack tab instead of from the Quals tab.
A22: Control Roster and Dispatch Roster
B23: - These work with a slightly different shift schedule so this availability is in Control & Dispatch Availability tab
B24: - Control standbys are scheduled on a sperate sheet, compiled on the Control Roster tab
B25: - Dispatch standbys are scheduled on a sperate sheet, compiled on the Dispatch Roster tab
B26: - Note: Members can have standby on the VWS Roster, Control Roster and Dispatch Roster so conflicts must be avoided across these periods
C27: - Control and Dispatch can run simultaneously if requested by the member.
A29: Helpful notes based on how I put this together.
B30: - Start with members with very limited availability on the AvailabilityFormData and schedule them first.
B31: - Next, deal with anyone with conditions and constraints mentioned in AvailabilityFormData Note Column BD
C32: - STB and HDB members that can only do one base
C33: - Partners who preffer to be on standby with their partners.
B34: - Helitack is where I go next based on the limited amount of members on that program.
B35: - Identify dates with the fewest members and fill those first ie over Christmas and New Years, Easter other anomalies where numbers just arent great for that date
C36: - I build this view based on role so I know where the constraints are to prioritise
B37: - Then onto each base individually based on Base Priority and Role Priority
A39: Base Priority
B40: - Helitack
B41: - HDB and STB bases together
B42: - SPS
B43: - NWL, with the view of filling holes in the above rosters with duals
A45: Role Priority when assigning members
B46: - Start with Non-Fireline
C47: - LS and Planning roles
B48: - Next drivers, start with skids then crew drivers
B49: - Then CL's, use duals if possible where gaps cant be filled
B50: - ACLS's then trainee ACLS. Trainee ACL's later in the season
B51: - New Recruit Fire-Fighters
B52: - Lastly Fire-fighters
A54: Final Refinements
B55: - Crew balancing based on experience levels
B56: - Load balancing to move everyone closer to the average shift amounts
B57: - Role checks (though not relevant here at this stage as you can't identify this data at the moment.)
C58: - Trainees have an experienced qualified drivers, not newly qualified drivers
C59: - New CLs have an experienced CL on their first standby
C60: - Trainee CL's have advanced CL qualified on their shifts
B61: - Swaps and changes are just manual adjustments as they come in until the final roster is ready. I track the swaps on a seperate tab to keep impact to a minimum

Sheet Role Definitions
A1: Code | B1: Role | C1: Fireline Role | D1: Standby Roster | E1: Qualification | F1: Rules
A2: CL | B2: Crew Leader | C2: Y | D2: Column E | E2: Column E | F2: Every crew must have a CL, CL spot should take priority over ACL and FF for members with this qualification
A3: ACL | B3: Assistant Crew Leader | C3: Y | D3: Column F | E3: Column F | F3: Every crew except SU must have an ACL, ACL spot should take priority over FF for members with this qualification
A4: ACL (trainee) | B4: Trainee ACL | C4: Y | D4: Column F | E4: Column F | F4: Trainee ACL's should get
A5: FF | B5: Fire Fighter | C5: Y | D5: Column G:J | E5: Column G | F5: Fire fighter role
A6: DRV | B6: Driver | C6: Y | D6: Column M | E6: Column H | F6: Hand crew qualified driver
A7: Drv (trainee) | B7: Driver Trainee | C7: Y | D7: Column M | E7: Column H | F7: Must have a qualified Driver on crew for that standby when using a trainee
A8: Drv (LR only) | B8: Driver | C8: Y | D8: Column M | E8: Column H | F8: Hand crew qualified driver, limited to driving Land Rovers
A9: Drv (LR only trainee) | B9: Driver Trainee | C9: Y | D9: Column M | E9: Column H | F9: Must have a qualified Driver on crew for that standby when using a trainee
A10: SDrv | B10: Skid Unit Driver | C10: Y | D10: Column N | E10: Column I | F10: SU crew types must have a Skid Driver
A11: S Drv (trainee) | B11: Skid Unit Driver Trainee | C11: Y | D11: Column N | E11: Column I | F11: Must have a qualified Skid Driver on crew for that standby when using a trainee
A12: T Drv | B12: Truck Driver | C12: Y | D12: Column M | E12: Column J | F12: Truck driver
... A25: Unfit | B25: Not Fit for Fileline | C25: N/A | D25: Column E | E25: Column O | F25: If flagged as unfit they cannot fill any fire-line roles

Sheet Roster Compositions
A1: VWS Roster Compositions
B2: CL | C2: ACL | D2: FF | E2: FF NR | F2: FF2YR | G2: DRV | H2: SDrv | I2: TDrv | J2: Plan | K2: LS
A3: HDB HC/SU | B3: 1 | C3: 1 | D3: 4 | E3: 2 | G3: 1 | H3: 1 | K3: 1
A4: Helitack STB | B4: 1 | C4: 1 | D4: 3 | F4: 1 | L4: NB: These qualifications are filled from the Helitack Tab
A5: NWL HC1 | B5: 1 | C5: 1 | D5: 4 | E5: 2 | G5: 1 | J5: 46054 | K5: 1
A6: NWL HC2 | B6: 1 | C6: 1 | D6: 4 | E6: 2 | G6: 1
A7: NWL SU | B7: 1 | D7: 1 | E7: 1 | H7: 1
A8: SPS BP | B8: 1 | C8: 2 | D8: 6 | E8: 2 | G8: 1 | I8: 1
A9: SPS HC | B9: 1 | C9: 1 | D9: 4 | E9: 2 | G9: 1
A10: STB HC | B10: 1 | C10: 1 | D10: 4 | E10: 2 | G10: 1
A12: Dispatch Roster Compositions
B13: Disp (mgr) | C13: Disp | D13: Disp (trainee)
A14: Dispatch Manager | B14: 1
A15: Dispatcher | C15: 1
A16: Trainee Dispatcher | D16: 0/1
A18: Control Roster Compositions
B19: Ctrl
A20: Control | B20: 1

Sheet AvailabilityFormData
B1: Timestamp | C1: Which bases would you be willing to do Standbys at? [Primary] | D1: Would you like to do an extra stand by (over and above what will be your normal allocation)? | E1: Which of the following roles do you intend to qualify in? | F1: 45969 | G1: 45970 | H1: 45976 | I1: 45977 | J1: 45983 | K1: 45984 | L1: 45990 | M1: 45991 | N1: 45997 | O1: 45998 | P1: 46004 | Q1: 46005 | R1: 46011 | S1: 46012 | T1: 46018 | U1: 46019 | V1: 46025 | W1: 46026 | X1: 46032 | Y1: 46033 | Z1: 46039 | AA1: 46040 | AB1: 46046 | AC1: 46047 | AD1: 46053 | AE1: 46054 | AF1: 46060 | AG1: 46061 | AH1: 46067 | AI1: 46068 | AJ1: 46074 | AK1: 46075 | AL1: 46081 | AM1: 46082 | AN1: 46088 | AO1: 46089 | AP1: 46095 | AQ1: 46096 | AR1: 46102 | AS1: 46103 | AT1: 46109 | AU1: 46110 | AV1: 46116 | AW1: 46117 | AX1: 46123 | AY1: 46124 | AZ1: 46130 | BA1: 46131 | BB1: 46137 | BC1: 46138 | BD1: Any other notes? | BE1: Which bases would you be willing to do Standbys at? [Secondary] | BF1: Which bases would you be willing to do Standbys at? [Tertiary] | BG1: Do you also intend to qualify in any other roles?
A2: bfbb3d07-9b5c-471c-a36f-b83c04b23fdb | B2: 45935 | C2: South Peninsula | D2: If NWL helitack is run again this year, I would like to opt in | E2: Firefighter, CL, Driver, Planning, Logistical Support, | F2: No | G2: No | H2: No | I2: No | J2: Yes | K2: No | L2: Yes | M2: No | N2: Yes | O2: Yes | P2: No | Q2: No | R2: No | S2: No | T2: No | U2: No | V2: Yes | W2: No | X2: Yes | Y2: No | Z2: Yes | AA2: No | AB2: Yes | AC2: No | AD2: No | AE2: No | AF2: Yes | AG2: No | AH2: No | AI2: No | AJ2: Yes | AK2: No | AL2: Yes | AM2: No | AN2: Yes | AO2: No | AP2: Yes | AQ2: No | AR2: Yes | AS2: No | AT2: No | AU2: No | AV2: No | AW2: No | AX2: Yes | AY2: No | AZ2: Yes | BA2: No | BB2: No | BC2: No | BD2: No Sunday standbys I would like to do the open day standby on 6 December 2025 I would like to do an even split for standbys between SPS and NWL | BE2: Newlands | BF2: Newlands
A3: f2e6f0ab-3fb1-4a94-b8ec-4f9071ea238f | B3: 45950 | C3: Newlands | D3: 1 extra as a firefighter | E3: Firefighter, CL, Driver, Planning, Logistical Support, | F3: Yes | G3: Yes | H3: No | I3: No | J3: No | K3: Yes | L3: No | M3: No | N3: No | O3: No | P3: No | Q3: No | R3: No | S3: No | T3: No | U3: No | V3: No | W3: No | X3: No | Y3: No | Z3: No | AA3: No | AB3: Yes | AC3: Yes | AD3: Yes | AE3: Yes | AF3: Yes | AG3: Yes | AH3: Yes | AI3: Yes | AJ3: Yes | AK3: No | AL3: No | AM3: Yes | AN3: No | AO3: No | AP3: No | AQ3: Yes | AR3: No | AS3: No | AT3: Yes | AU3: No | AV3: No | AW3: No | AX3: Yes | AY3: No | AZ3: No | BA3: Yes | BB3: No | BC3: No | BE3: South Peninsula | BF3: Stellenbosch/Helderberg | BH3: 0
A4: 3ed02464-4cc2-4e1b-af22-0049154b7aea | B4: 45945 | C4: Newlands | D4: 1 extra as a firefighter | E4: Firefighter, CL, Driver, Planning, Logistical Support, | F4: No | G4: No | H4: Yes | I4: Yes | J4: No | K4: No | L4: No | M4: No | N4: Yes | O4: Yes | P4: No | Q4: No | R4: Yes | S4: No | T4: No | U4: No | V4: No | W4: Yes | X4: Yes | Y4: No | Z4: No | AA4: No | AB4: No | AC4: No | AD4: No | AE4: No | AF4: No | AG4: No | AH4: No | AI4: No | AJ4: No | AK4: No | AL4: No | AM4: No | AN4: No | AO4: No | AP4: No | AQ4: No | AR4: No | AS4: No | AT4: No | AU4: No | AV4: No | AW4: No | AX4: No | AY4: No | AZ4: No | BA4: No | BB4: No | BC4: No | BD4: The earlier in season the stanbys are the better. | BE4: Newlands | BF4: Newlands
A5: 95aa57a4-a5ae-4c4d-a413-fbef856e44d8 | B5: 45935 | C5: South Peninsula | D5: I'd rather not, thanks. | E5: Firefighter, CL, Driver, Planning, Logistical Support, | F5: Yes | G5: Yes | H5: No | I5: Yes | J5: No | K5: Yes | L5: No | M5: Yes | N5: Yes | O5: Yes | P5: No | Q5: No | R5: No | S5: No | T5: No | U5: No | V5: No | W5: No | X5: Yes | Y5: Yes | Z5: No | AA5: No | AB5: Yes | AC5: Yes | AD5: Yes | AE5: Yes | AF5: No | AG5: No | AH5: Yes | AI5: Yes | AJ5: Yes | AK5: Yes | AL5: Yes | AM5: Yes | AN5: Yes | AO5: Yes | AP5: Yes | AQ5: Yes | AR5: Yes | AS5: Yes | AT5: No | AU5: No | AV5: No | AW5: No | AX5: No | AY5: No | AZ5: Yes | BA5: Yes | BB5: Yes | BC5: Yes | BD5: Am happy to do 1 of my 4 at NWL, ideally on a Sunday. Please not as an extra. | BE5: Newlands | BF5: N/A
A6: d4472850-8a5d-4c0e-bdaa-4e36076302d0 | B6: 45936 | C6: Newlands | D6: 1 extra as a firefighter | E6: Firefighter, CL, Driver, Planning, Logistical Support, | F6: No | G6: No | H6: Yes | I6: Yes | J6: Yes | K6: Yes | L6: Yes | M6: Yes | N6: Yes | O6: Yes | P6: Yes | Q6: Yes | R6: Yes | S6: No | T6: No | U6: No | V6: Yes | W6: Yes | X6: Yes | Y6: Yes | Z6: Yes | AA6: Yes | AB6: Yes | AC6: Yes | AD6: No | AE6: No | AF6: Yes | AG6: Yes | AH6: Yes | AI6: Yes | AJ6: No | AK6: No | AL6: Yes | AM6: Yes | AN6: No | AO6: No | AP6: Yes | AQ6: Yes | AR6: Yes | AS6: Yes | AT6: Yes | AU6: Yes | AV6: No | AW6: No | AX6: Yes | AY6: Yes | AZ6: Yes | BA6: Yes | BB6: Yes | BC6: Yes | BD6: Must be on with 62ed5d8d-4dbf-464b-b8f3-4b2cd2c973e2 | BE6: South Peninsula | BF6: N/A
A7: 9f7143c0-148c-4a38-a077-99d723fc7d7a | B7: 45937 | C7: Newlands | D7: I'd rather not, thanks. | E7: Firefighter, CL, Driver, Planning, Logistical Support, | F7: No | G7: No | H7: No | I7: No | J7: No | K7: Yes | L7: Yes | M7: Yes | N7: Yes | O7: Yes | P7: Yes | Q7: Yes | R7: No | S7: No | T7: No | U7: No | V7: No | W7: No | X7: No | Y7: No | Z7: No | AA7: Yes | AB7: Yes | AC7: Yes | AD7: Yes | AE7: Yes | AF7: Yes | AG7: Yes | AH7: No | AI7: Yes | AJ7: Yes | AK7: Yes | AL7: Yes | AM7: Yes | AN7: Yes | AO7: Yes | AP7: Yes | AQ7: Yes | AR7: Yes | AS7: Yes | AT7: Yes | AU7: Yes | AV7: Yes | AW7: Yes | AX7: Yes | AY7: Yes | AZ7: Yes | BA7: Yes | BB7: Yes | BC7: Yes | BE7: South Peninsula | BF7: Stellenbosch/Helderberg
A8: 97e21408-df02-4722-8215-91f4962617cc | B8: 45936 | C8: Newlands | D8: I'd rather not, thanks. | E8: Firefighter, CL, Driver, Planning, Logistical Support, | F8: No | G8: No | H8: No | I8: No | J8: Yes | K8: Yes | L8: Yes | M8: Yes | N8: Yes | O8: Yes | P8: Yes | Q8: Yes | R8: No | S8: No | T8: No | U8: No | V8: No | W8: No | X8: No | Y8: Yes | Z8: Yes | AA8: Yes | AB8: Yes | AC8: Yes | AD8: Yes | AE8: Yes | AF8: No | AG8: No | AH8: No | AI8: Yes | AJ8: Yes | AK8: Yes | AL8: Yes | AM8: Yes | AN8: Yes | AO8: Yes | AP8: Yes | AQ8: Yes | AR8: No | AS8: No | AT8: No | AU8: No | AV8: Yes | AW8: Yes | AX8: Yes | AY8: Yes | AZ8: Yes | BA8: Yes | BB8: Yes | BC8: Yes | BE8: South Peninsula | BF8: N/A
A9: 378ce48b-5c37-4a89-b796-316ec088cd7e | B9: 45943 | C9: Stellenbosch/Helderberg | D9: 1 extra as a firefighter | E9: Firefighter, CL, Driver, Planning, Logistical Support, | F9: No | G9: No | H9: No | I9: No | J9: Yes | K9: Yes | L9: Yes | M9: Yes | N9: No | O9: No | P9: Yes | Q9: Yes | R9: Yes | S9: Yes | T9: No | U9: Yes | V9: Yes | W9: Yes | X9: No | Y9: No | Z9: No | AA9: No | AB9: No | AC9: No | AD9: No | AE9: No | AF9: Yes | AG9: Yes | AH9: Yes | AI9: Yes | AJ9: Yes | AK9: Yes | AL9: Yes | AM9: Yes | AN9: Yes | AO9: Yes | AP9: Yes | AQ9: Yes | AR9: Yes | AS9: Yes | AT9: Yes | AU9: Yes | AV9: Yes | AW9: No | AX9: Yes | AY9: Yes | AZ9: Yes | BA9: No | BB9: No | BC9: Yes | BE9: N/A | BF9: N/A
A10: b38b085b-877b-432f-b7bc-959b5fbb2349 | B10: 45944 | C10: South Peninsula, Stellenbosch/Helderberg | D10: 1 extra as a firefighter | E10: Firefighter, CL, Driver, Planning, Logistical Support, | F10: Yes | G10: Yes | H10: Yes | I10: Yes | J10: Yes | K10: Yes | L10: Yes | M10: Yes | N10: Yes | O10: No | P10: Yes | Q10: No | R10: Yes | S10: No | T10: No | U10: No | V10: No | W10: No | X10: Yes | Y10: No | Z10: Yes | AA10: No | AB10: Yes | AC10: No | AD10: Yes | AE10: Yes | AF10: No | AG10: No | AH10: Yes | AI10: Yes | AJ10: Yes | AK10: Yes | AL10: Yes | AM10: No | AN10: Yes | AO10: Yes | AP10: Yes | AQ10: Yes | AR10: No | AS10: No | AT10: Yes | AU10: Yes | AV10: Yes | AW10: Yes | AX10: No | AY10: No | AZ10: Yes | BA10: Yes | BB10: Yes | BC10: Yes | BD10: Dual member with STB/HDB - would prefer those standbys later in the seasin(feb/mar/apr) due to work commitments | BE10: Newlands | BF10: South Peninsula, Stellenbosch/Helderberg
A11: 66f04a65-70c3-4c40-9632-e2adfd956312 | B11: 45936 | C11: Newlands | D11: I'd rather not, thanks. | E11: Firefighter, CL, Driver, Planning, Logistical Support, | F11: Yes | G11: Yes | H11: Yes | I11: Yes | J11: Yes | K11: Yes | L11: Yes | M11: Yes | N11: Yes | O11: Yes | P11: Yes | Q11: Yes | R11: Yes | S11: No | T11: No | U11: No | V11: No | W11: No | X11: Yes | Y11: Yes | Z11: Yes | AA11: Yes | AB11: Yes | AC11: Yes | AD11: Yes | AE11: Yes | AF11: Yes | AG11: Yes | AH11: Yes | AI11: Yes | AJ11: Yes | AK11: Yes | AL11: Yes | AM11: Yes | AN11: Yes | AO11: Yes | AP11: Yes | AQ11: Yes | AR11: Yes | AS11: Yes | AT11: Yes | AU11: Yes | AV11: Yes | AW11: Yes | AX11: Yes | AY11: Yes | AZ11: Yes | BA11: Yes | BB11: Yes | BC11: Yes | BE11: Newlands | BF11: Newlands
A12: 028ef489-2a33-43c6-9d30-c9902ff2f06f | B12: 45933 | C12: Newlands | D12: I'd rather not, thanks. | E12: Firefighter, CL, Driver, Planning, Logistical Support, | F12: No | G12: No | H12: Yes | I12: No | J12: No | K12: No | L12: No | M12: No | N12: Yes | O12: No | P12: No | Q12: No | R12: No | S12: No | T12: No | U12: No | V12: No | W12: No | X12: No | Y12: No | Z12: No | AA12: No | AB12: Yes | AC12: No | AD12: Yes | AE12: No | AF12: Yes | AG12: No | AH12: No | AI12: No | AJ12: No | AK12: No | AL12: No | AM12: No | AN12: No | AO12: No | AP12: No | AQ12: No | AR12: No | AS12: No | AT12: Yes | AU12: No | AV12: No | AW12: No | AX12: No | AY12: No | AZ12: Yes | BA12: No | BB12: Yes | BC12: No | BE12: South Peninsula | BF12: N/A
A13: 896233d3-89f2-4e66-9c1c-fa7e26b26b89 | B13: 45945 | C13: Newlands | D13: 1 extra stand by in a secondary role (eg: as a driver or planning) | E13: Firefighter, CL, Driver, Planning, Logistical Support, | F13: No | G13: No | H13: No | I13: No | J13: No | K13: No | L13: No | M13: No | N13: No | O13: No | P13: No | Q13: No | R13: No | S13: No | T13: No | U13: No | V13: No | W13: No | X13: No | Y13: No | Z13: Yes | AA13: Yes | AB13: Yes | AC13: Yes | AD13: Yes | AE13: Yes | AF13: No | AG13: No | AH13: No | AI13: No | AJ13: Yes | AK13: Yes | AL13: Yes | AM13: Yes | AN13: Yes | AO13: Yes | AP13: Yes | AQ13: Yes | AR13: Yes | AS13: Yes | AT13: Yes | AU13: Yes | AV13: No | AW13: No | AX13: Yes | AY13: Yes | AZ13: No | BA13: No | BB13: Yes | BC13: Yes | BD13: Not available before mid-Jan 2026 | BE13: N/A | BF13: N/A
A14: 9adccede-8dc2-4a5f-b5fd-5edc989b7da6
A15: 7314a85c-bb84-407b-a3d9-dca421f7454f | B15: 45936 | C15: Newlands | D15: If NWL helitack is run again this year, I would like to opt in | E15: Firefighter, CL, Driver, Planning, Logistical Support, | F15: No | G15: No | H15: No | I15: No | J15: No | K15: No | L15: No | M15: No | N15: No | O15: No | P15: No | Q15: No | R15: No | S15: No | T15: No | U15: No | V15: No | W15: No | X15: No | Y15: No | Z15: No | AA15: No | AB15: No | AC15: No | AD15: No | AE15: No | AF15: No | AG15: No | AH15: No | AI15: No | AJ15: No | AK15: No | AL15: No | AM15: No | AN15: No | AO15: No | AP15: No | AQ15: No | AR15: No | AS15: No | AT15: No | AU15: No | AV15: Yes | AW15: No | AX15: No | AY15: No | AZ15: No | BA15: No | BB15: No | BC15: No | BD15: I unfortunately work most weekends and going into summer season the calendar is very upside down. I will definitely have some weekends free but will only be able to confirm much closer to the time. | BE15: N/A | BF15: N/A
A16: 363ca175-a31d-4353-97dc-879dc611455c | B16: 45933 | C16: South Peninsula | D16: 1 extra stand by in a secondary role (eg: as a driver or planning) | E16: Firefighter, CL, Driver, Planning, Logistical Support, | F16: No | G16: No | H16: Yes | I16: No | J16: No | K16: No | L16: No | M16: No | N16: Yes | O16: No | P16: No | Q16: No | R16: Yes | S16: No | T16: No | U16: No | V16: Yes | W16: No | X16: No | Y16: No | Z16: Yes | AA16: No | AB16: No | AC16: No | AD16: Yes | AE16: No | AF16: No | AG16: No | AH16: Yes | AI16: No | AJ16: No | AK16: No | AL16: Yes | AM16: No | AN16: No | AO16: No | AP16: Yes | AQ16: No | AR16: No | AS16: No | AT16: Yes | AU16: No | AV16: No | AW16: No | AX16: Yes | AY16: No | AZ16: No | BA16: No | BB16: Yes | BC16: No | BE16: Newlands | BF16: South Peninsula
A17: 0b396ecd-f02a-41ed-bf0d-ef87ef177e09 | B17: 45933 | C17: South Peninsula | D17: I'd rather not, thanks. | E17: Firefighter, CL, Driver, Planning, Logistical Support, | F17: No | G17: No | H17: Yes | I17: Yes | J17: Yes | K17: Yes | L17: No | M17: No | N17: No | O17: No | P17: Yes | Q17: Yes | R17: No | S17: No | T17: No | U17: No | V17: No | W17: No | X17: Yes | Y17: Yes | Z17: Yes | AA17: Yes | AB17: Yes | AC17: Yes | AD17: Yes | AE17: No | AF17: No | AG17: No | AH17: No | AI17: No | AJ17: No | AK17: No | AL17: No | AM17: No | AN17: No | AO17: No | AP17: No | AQ17: No | AR17: No | AS17: No | AT17: No | AU17: No | AV17: No | AW17: No | AX17: No | AY17: No | AZ17: No | BA17: No | BB17: No | BC17: No | BE17: N/A | BF17: N/A
A18: 02f22d58-165c-40b5-85ec-6db5c37d3a07 | B18: 45950 | C18: Stellenbosch/Helderberg | D18: I'd rather not, thanks. | E18: Firefighter, CL, Driver, Planning, Logistical Support, | F18: No | G18: No | H18: No | I18: Yes | J18: No | K18: No | L18: No | M18: No | N18: No | O18: No | P18: No | Q18: Yes | R18: Yes | S18: No | T18: No | U18: No | V18: No | W18: No | X18: No | Y18: No | Z18: No | AA18: No | AB18: No | AC18: No | AD18: No | AE18: No | AF18: No | AG18: No | AH18: No | AI18: No | AJ18: No | AK18: No | AL18: No | AM18: No | AN18: No | AO18: No | AP18: No | AQ18: No | AR18: No | AS18: No | AT18: No | AU18: No | AV18: No | AW18: No | AX18: No | AY18: No | AZ18: No | BA18: No | BB18: No | BC18: No | BD18: There is a chance that I may need to move to another province at the end of December 2025 subject to where my wife gets allocated for her government medical internship. We expect to be notified before the end of October and I will communicate this with the appropriate person ASAP. | BE18: Newlands | BF18: South Peninsula
A19: d4e5b7b1-714c-47fc-a630-e66c6265e105 | B19: 45935 | C19: Stellenbosch/Helderberg | D19: 1 extra stand by in a secondary role (eg: as a driver or planning) | E19: Firefighter, CL, Driver, Planning, Logistical Support, | F19: No | G19: No | H19: Yes | I19: Yes | J19: No | K19: No | L19: Yes | M19: Yes | N19: Yes | O19: Yes | P19: No | Q19: No | R19: Yes | S19: Yes | T19: No | U19: No | V19: Yes | W19: Yes | X19: Yes | Y19: Yes | Z19: No | AA19: No | AB19: No | AC19: No | AD19: Yes | AE19: Yes | AF19: Yes | AG19: Yes | AH19: No | AI19: No | AJ19: Yes | AK19: Yes | AL19: Yes | AM19: Yes | AN19: No | AO19: No | AP19: No | AQ19: No | AR19: Yes | AS19: Yes | AT19: No | AU19: No | AV19: Yes | AW19: Yes | AX19: No | AY19: No | AZ19: Yes | BA19: Yes | BB19: No | BC19: No | BD19: Can I please be slotted in more for HDB side than STB side | BE19: Newlands | BF19: South Peninsula
A20: 78d662b6-a65d-4b54-b8b9-c79eb0c079f6 | B20: 45945 | C20: Newlands | D20: If NWL helitack is run again this year, I would like to opt in | E20: Firefighter, CL, Driver, Planning, Logistical Support, | F20: No | G20: No | H20: No | I20: Yes | J20: No | K20: No | L20: No | M20: No | N20: No | O20: Yes | P20: No | Q20: No | R20: No | S20: No | T20: No | U20: No | V20: No | W20: No | X20: No | Y20: Yes | Z20: No | AA20: No | AB20: No | AC20: Yes | AD20: No | AE20: No | AF20: No | AG20: Yes | AH20: No | AI20: No | AJ20: No | AK20: Yes | AL20: No | AM20: No | AN20: No | AO20: Yes | AP20: No | AQ20: No | AR20: No | AS20: Yes | AT20: No | AU20: No | AV20: No | AW20: Yes | AX20: No | AY20: No | AZ20: No | BA20: No | BB20: No | BC20: No | BE20: Newlands | BF20: Newlands
A21: 1a2d9bdc-7c4f-404d-9df3-d79d7d25ab99 | B21: 45945 | C21: Newlands | D21: I'd rather not, thanks. | E21: Firefighter, CL, Driver, Planning, Logistical Support, | F21: Yes | G21: Yes | H21: Yes | I21: Yes | J21: Yes | K21: Yes | L21: Yes | M21: Yes | N21: No | O21: No | P21: No | Q21: No | R21: Yes | S21: No | T21: Yes | U21: Yes | V21: Yes | W21: Yes | X21: No | Y21: Yes | Z21: No | AA21: No | AB21: No | AC21: No | AD21: No | AE21: No | AF21: No | AG21: No | AH21: Yes | AI21: No | AJ21: Yes | AK21: Yes | AL21: Yes | AM21: Yes | AN21: No | AO21: Yes | AP21: No | AQ21: No | AR21: No | AS21: No | AT21: No | AU21: No | AV21: No | AW21: No | AX21: Yes | AY21: No | AZ21: Yes | BA21: Yes | BB21: Yes | BC21: Yes | BE21: N/A | BF21: N/A
A22: 10804e44-fc06-4d65-8115-05da4966a5b4 | B22: 45938 | C22: South Peninsula | D22: If NWL helitack is run again this year, I would like to opt in | E22: Firefighter, CL, Driver, Planning, Logistical Support, | F22: No | G22: No | H22: Yes | I22: Yes | J22: Yes | K22: Yes | L22: No | M22: No | N22: No | O22: No | P22: Yes | Q22: Yes | R22: No | S22: No | T22: No | U22: No | V22: Yes | W22: No | X22: Yes | Y22: Yes | Z22: Yes | AA22: Yes | AB22: Yes | AC22: No | AD22: No | AE22: No | AF22: No | AG22: Yes | AH22: Yes | AI22: Yes | AJ22: Yes | AK22: No | AL22: No | AM22: No | AN22: No | AO22: No | AP22: Yes | AQ22: Yes | AR22: Yes | AS22: Yes | AT22: No | AU22: No | AV22: No | AW22: No | AX22: Yes | AY22: Yes | AZ22: Yes | BA22: Yes | BB22: No | BC22: No | BE22: South Peninsula | BF22: South Peninsula
A23: 3e65b11b-e7bb-4f38-bde3-eec32997e471 | B23: 45950 | C23: Stellenbosch/Helderberg | D23: 1 extra as a firefighter | E23: Firefighter, CL, Driver, Planning, Logistical Support, | F23: No | G23: No | H23: Yes | I23: No | J23: Yes | K23: No | L23: No | M23: No | N23: No | O23: No | P23: Yes | Q23: No | R23: No | S23: No | T23: No | U23: No | V23: Yes | W23: No | X23: Yes | Y23: No | Z23: Yes | AA23: No | AB23: No | AC23: No | AD23: No | AE23: No | AF23: No | AG23: No | AH23: No | AI23: No | AJ23: No | AK23: No | AL23: Yes | AM23: No | AN23: Yes | AO23: No | AP23: No | AQ23: No | AR23: Yes | AS23: No | AT23: No | AU23: No | AV23: Yes | AW23: No | AX23: No | AY23: No | AZ23: Yes | BA23: No | BB23: No | BC23: No | BD23: I can almost solely do Saturday standbys, I am almost always bust on Sundays. | BE23: N/A | BF23: N/A
A24: b0929492-fb48-441d-9394-595f49472793 | B24: 45945 | C24: Stellenbosch/Helderberg | D24: I'd rather not, thanks. | E24: Firefighter, CL, Driver, Planning, Logistical Support, | F24: Yes | G24: Yes | H24: Yes | I24: Yes | J24: Yes | K24: Yes | L24: No | M24: No | N24: No | O24: No | P24: No | Q24: No | R24: No | S24: No | T24: No | U24: No | V24: Yes | W24: Yes | X24: Yes | Y24: Yes | Z24: Yes | AA24: Yes | AB24: Yes | AC24: Yes | AD24: Yes | AE24: Yes | AF24: Yes | AG24: Yes | AH24: Yes | AI24: Yes | AJ24: Yes | AK24: Yes | AL24: Yes | AM24: Yes | AN24: Yes | AO24: Yes | AP24: Yes | AQ24: Yes | AR24: Yes | AS24: Yes | AT24: Yes | AU24: Yes | AV24: No | AW24: No | AX24: Yes | AY24: Yes | AZ24: Yes | BA24: Yes | BB24: Yes | BC24: Yes | BD24: Only available at HDB not STB due to transport restraints. | BE24: N/A | BF24: N/A
A25: 67fe2313-2c1e-4fb7-a80e-edb9bbb4e4f3 | B25: 45944 | C25: Newlands | D25: 1 extra as a firefighter, If NWL helitack is run again this year, I would like to opt in | E25: Firefighter, CL, Driver, Planning, Logistical Support, | F25: Yes | G25: No | H25: No | I25: Yes | J25: No | K25: Yes | L25: No | M25: Yes | N25: Yes | O25: No | P25: No | Q25: No | R25: Yes | S25: Yes | T25: Yes | U25: No | V25: Yes | W25: No | X25: Yes | Y25: No | Z25: No | AA25: Yes | AB25: Yes | AC25: No | AD25: Yes | AE25: Yes | AF25: Yes | AG25: Yes | AH25: No | AI25: No | AJ25: Yes | AK25: No | AL25: Yes | AM25: Yes | AN25: No | AO25: No | AP25: Yes | AQ25: Yes | AR25: No | AS25: No | AT25: Yes | AU25: Yes | AV25: Yes | AW25: Yes | AX25: No | AY25: No | AZ25: Yes | BA25: Yes | BB25: Yes | BC25: No | BE25: Newlands | BF25: South Peninsula
A26: 418cff4b-295b-43c1-81fb-d109a37c5c99 | B26: 45940 | C26: Newlands | D26: 1 extra as a firefighter, If NWL helitack is run again this year, I would like to opt in | E26: Firefighter, CL, Driver, Planning, Logistical Support, | F26: Yes | G26: Yes | H26: Yes | I26: Yes | J26: Yes | K26: Yes | L26: Yes | M26: Yes | N26: Yes | O26: Yes | P26: Yes | Q26: Yes | R26: Yes | S26: Yes | T26: No | U26: No | V26: Yes | W26: Yes | X26: Yes | Y26: Yes | Z26: Yes | AA26: Yes | AB26: Yes | AC26: Yes | AD26: Yes | AE26: Yes | AF26: Yes | AG26: Yes | AH26: Yes | AI26: Yes | AJ26: Yes | AK26: Yes | AL26: Yes | AM26: Yes | AN26: Yes | AO26: Yes | AP26: Yes | AQ26: Yes | AR26: Yes | AS26: No | AT26: No | AU26: No | AV26: No | AW26: No | AX26: No | AY26: No | AZ26: No | BA26: No | BB26: No | BC26: No | BE26: Newlands | BF26: Newlands
A27: 663b7f6e-1ca5-4dd5-97d4-dcb92d4d2b17 | B27: 45945 | C27: Newlands | E27: Firefighter, CL, Driver, Planning, Logistical Support, | F27: Yes | G27: Yes | H27: No | I27: Yes | J27: Yes | K27: Yes | L27: Yes | M27: Yes | N27: No | O27: Yes | P27: No | Q27: No | R27: Yes | S27: Yes | T27: Yes | U27: Yes | V27: Yes | W27: Yes | X27: Yes | Y27: Yes | Z27: Yes | AA27: Yes | AB27: Yes | AC27: Yes | AD27: Yes | AE27: Yes | AF27: Yes | AG27: Yes | AH27: Yes | AI27: Yes | AJ27: Yes | AK27: Yes | AL27: No | AM27: Yes | AN27: Yes | AO27: Yes | AP27: Yes | AQ27: Yes | AR27: Yes | AS27: Yes | AT27: Yes | AU27: Yes | AV27: Yes | AW27: Yes | AX27: Yes | AY27: Yes | AZ27: No | BA27: Yes | BB27: Yes | BC27: Yes | BD27: On Sunday 7 December I can't be on STB/HDB standby because I am not available at all on 6 December so cannot be on readiness in the evening. | BE27: Stellenbosch/Helderberg | BF27: N/A
A28: df8f2035-882e-4c59-90d0-51521a59dbd9 | B28: 45951 | C28: Newlands | D28: I'd rather not, thanks. | E28: Firefighter, CL, Driver, Planning, Logistical Support, | F28: No | G28: No | H28: Yes | I28: Yes | J28: Yes | K28: Yes | L28: No | M28: No | N28: No | O28: No | P28: Yes | Q28: Yes | R28: Yes | S28: No | T28: No | U28: Yes | V28: No | W28: Yes | X28: Yes | Y28: Yes | Z28: No | AA28: No | AB28: Yes | AC28: No | AD28: No | AE28: Yes | AF28: Yes | AG28: Yes | AH28: Yes | AI28: No | AJ28: No | AK28: No | AL28: Yes | AM28: Yes | AN28: Yes | AO28: Yes | AP28: Yes | AQ28: Yes | AR28: Yes | AS28: Yes | AT28: No | AU28: No | AV28: Yes | AW28: Yes | AX28: Yes | AY28: Yes | AZ28: Yes | BA28: No | BB28: No | BC28: No | BD28: Mostly random guesses sp if anyone has a serious need to be off I am happy to negotiate | BE28: South Peninsula | BF28: South Peninsula, Stellenbosch/Helderberg
A29: 02372358-f49e-47ba-96dc-869f295bf76e | B29: 45944 | C29: Newlands | D29: If NWL helitack is run again this year, I would like to opt in | E29: Firefighter, CL, Driver, Planning, Logistical Support, | F29: Yes | G29: Yes | H29: Yes | I29: Yes | J29: Yes | K29: Yes | L29: Yes | M29: Yes | N29: Yes | O29: Yes | P29: Yes | Q29: Yes | R29: No | S29: No | T29: Yes | U29: Yes | V29: No | W29: No | X29: Yes | Y29: Yes | Z29: Yes | AA29: Yes | AB29: Yes | AC29: Yes | AD29: Yes | AE29: Yes | AF29: Yes | AG29: Yes | AH29: Yes | AI29: Yes | AJ29: Yes | AK29: Yes | AL29: Yes | AM29: Yes | AN29: Yes | AO29: Yes | AP29: Yes | AQ29: Yes | AR29: Yes | AS29: Yes | AT29: Yes | AU29: Yes | AV29: Yes | AW29: Yes | AX29: Yes | AY29: Yes | AZ29: Yes | BA29: Yes | BB29: Yes | BC29: Yes | BE29: N/A | BF29: South Peninsula
A30: 2b4b032a-e2b6-48a5-a8a8-190822311a7b | B30: 45936 | C30: Stellenbosch/Helderberg | D30: 1 extra as a firefighter | E30: Firefighter, CL, Driver, Planning, Logistical Support, | F30: No | G30: Yes | H30: No | I30: Yes | J30: No | K30: No | L30: No | M30: No | N30: No | O30: No | P30: No | Q30: No | R30: No | S30: No | T30: No | U30: No | V30: No | W30: No | X30: No | Y30: No | Z30: No | AA30: No | AB30: No | AC30: No | AD30: Yes | AE30: Yes | AF30: Yes | AG30: No | AH30: Yes | AI30: No | AJ30: Yes | AK30: No | AL30: Yes | AM30: No | AN30: Yes | AO30: No | AP30: Yes | AQ30: No | AR30: Yes | AS30: No | AT30: Yes | AU30: No | AV30: Yes | AW30: No | AX30: Yes | AY30: No | AZ30: Yes | BA30: No | BB30: Yes | BC30: No | BE30: N/A | BF30: N/A
A31: f4b33818-86cf-422d-bb33-b019464cb18d | B31: 45945 | C31: Newlands | D31: If NWL helitack is run again this year, I would like to opt in | E31: Firefighter, CL, Driver, Planning, Logistical Support, | F31: Yes | G31: Yes | H31: Yes | I31: Yes | J31: Yes | K31: Yes | L31: No | M31: Yes | N31: Yes | O31: Yes | P31: No | Q31: No | R31: No | S31: No | T31: No | U31: No | V31: No | W31: No | X31: No | Y31: No | Z31: No | AA31: No | AB31: No | AC31: No | AD31: No | AE31: No | AF31: No | AG31: No | AH31: Yes | AI31: Yes | AJ31: Yes | AK31: Yes | AL31: Yes | AM31: Yes | AN31: Yes | AO31: Yes | AP31: Yes | AQ31: Yes | AR31: Yes | AS31: Yes | AT31: Yes | AU31: Yes | AV31: Yes | AW31: Yes | AX31: Yes | AY31: Yes | AZ31: Yes | BA31: Yes | BB31: Yes | BC31: Yes | BE31: Newlands | BF31: N/A
A32: fcd6dabf-4df6-4aa0-9883-ed90b0127c8b
A33: 16dcc952-ab7c-45cc-916a-4c1cc364e34c | B33: 45945 | C33: Newlands, South Peninsula, Stellenbosch/Helderberg | D33: 1 extra as a firefighter, 1 extra stand by in a secondary role (eg: as a driver or planning), If NWL helitack is run again this year, I would like to opt in | E33: Firefighter, CL, Driver, Planning, Logistical Support, | F33: Yes | G33: Yes | H33: Yes | I33: Yes | J33: Yes | K33: Yes | L33: No | M33: No | N33: Yes | O33: Yes | P33: Yes | Q33: Yes | R33: Yes | S33: Yes | T33: No | U33: No | V33: Yes | W33: Yes | X33: Yes | Y33: Yes | Z33: Yes | AA33: Yes | AB33: Yes | AC33: Yes | AD33: Yes | AE33: Yes | AF33: Yes | AG33: Yes | AH33: Yes | AI33: Yes | AJ33: Yes | AK33: Yes | AL33: Yes | AM33: Yes | AN33: Yes | AO33: Yes | AP33: Yes | AQ33: Yes | AR33: Yes | AS33: Yes | AT33: Yes | AU33: Yes | AV33: Yes | AW33: Yes | AX33: Yes | AY33: Yes | AZ33: Yes | BA33: Yes | BB33: Yes | BC33: Yes | BE33: Newlands, South Peninsula, Stellenbosch/Helderberg | BF33: Newlands, South Peninsula, Stellenbosch/Helderberg
A34: 1728d1fd-fe5e-426d-9c0d-008352176a3d | B34: 45933 | C34: Newlands | D34: I'd rather not, thanks. | E34: Firefighter, CL, Driver, Planning, Logistical Support, | F34: No | G34: Yes | H34: No | I34: Yes | J34: No | K34: Yes | L34: No | M34: Yes | N34: No | O34: Yes | P34: No | Q34: Yes | R34: No | S34: No | T34: No | U34: No | V34: No | W34: No | X34: No | Y34: No | Z34: No | AA34: Yes | AB34: No | AC34: Yes | AD34: No | AE34: Yes | AF34: No | AG34: Yes | AH34: No | AI34: No | AJ34: No | AK34: No | AL34: No | AM34: No | AN34: No | AO34: No | AP34: No | AQ34: No | AR34: No | AS34: No | AT34: No | AU34: Yes | AV34: No | AW34: Yes | AX34: No | AY34: Yes | AZ34: No | BA34: Yes | BB34: No | BC34: Yes | BE34: N/A | BF34: N/A
A35: 83f9f5b5-b38d-4c62-88ca-9c36b4a412ef | B35: 45933 | C35: Newlands | D35: I'd rather not, thanks. | E35: Firefighter, CL, Driver, Planning, Logistical Support, | F35: Yes | G35: Yes | H35: Yes | I35: Yes | J35: Yes | K35: Yes | L35: Yes | M35: No | N35: Yes | O35: Yes | P35: Yes | Q35: Yes | R35: No | S35: Yes | T35: Yes | U35: Yes | V35: No | W35: Yes | X35: Yes | Y35: Yes | Z35: No | AA35: No | AB35: No | AC35: Yes | AD35: Yes | AE35: Yes | AF35: Yes | AG35: Yes | AH35: No | AI35: Yes | AJ35: No | AK35: No | AL35: No | AM35: No | AN35: No | AO35: Yes | AP35: Yes | AQ35: No | AR35: No | AS35: No | AT35: Yes | AU35: Yes | AV35: No | AW35: No | AX35: Yes | AY35: Yes | AZ35: Yes | BA35: Yes | BB35: Yes | BC35: Yes | BE35: N/A | BF35: N/A
A36: 6ccc288e-dd07-4103-9056-41868c9f3575 | B36: 45942 | C36: Newlands | D36: I'd rather not, thanks. | E36: Firefighter, CL, Driver, Planning, Logistical Support, | F36: No | G36: No | H36: No | I36: No | J36: No | K36: No | L36: Yes | M36: No | N36: No | O36: No | P36: No | Q36: No | R36: No | S36: No | T36: Yes | U36: No | V36: Yes | W36: No | X36: No | Y36: No | Z36: No | AA36: No | AB36: No | AC36: No | AD36: Yes | AE36: No | AF36: No | AG36: No | AH36: Yes | AI36: No | AJ36: No | AK36: No | AL36: No | AM36: No | AN36: No | AO36: No | AP36: No | AQ36: No | AR36: Yes | AS36: No | AT36: No | AU36: No | AV36: No | AW36: No | AX36: No | AY36: No | AZ36: No | BA36: No | BB36: No | BC36: No | BD36: Preferably at Stellenbosch base from February | BE36: Newlands, Stellenbosch/Helderberg | BF36: Newlands, South Peninsula, Stellenbosch/Helderberg
A37: 5a5c8fd0-96bf-4f1a-aeb8-b1b9553b6bf8 | B37: 45940 | C37: Newlands | D37: 1 extra as a firefighter, If NWL helitack is run again this year, I would like to opt in | E37: Firefighter, CL, Driver, Planning, Logistical Support, | F37: No | G37: No | H37: Yes | I37: Yes | J37: Yes | K37: Yes | L37: Yes | M37: Yes | N37: Yes | O37: Yes | P37: Yes | Q37: Yes | R37: Yes | S37: Yes | T37: Yes | U37: Yes | V37: No | W37: No | X37: Yes | Y37: Yes | Z37: Yes | AA37: Yes | AB37: Yes | AC37: Yes | AD37: Yes | AE37: Yes | AF37: Yes | AG37: Yes | AH37: Yes | AI37: Yes | AJ37: Yes | AK37: Yes | AL37: Yes | AM37: Yes | AN37: Yes | AO37: Yes | AP37: Yes | AQ37: Yes | AR37: Yes | AS37: Yes | AT37: Yes | AU37: Yes | AV37: Yes | AW37: Yes | AX37: Yes | AY37: Yes | AZ37: Yes | BA37: Yes | BB37: Yes | BC37: Yes | BE37: South Peninsula | BF37: N/A
A38: 9f28807e-2a1a-4bd2-b285-7250b69bf3be | B38: 45933 | C38: Newlands | D38: 1 extra as a firefighter, If NWL helitack is run again this year, I would like to opt in | E38: Firefighter, CL, Driver, Planning, Logistical Support, | F38: Yes | G38: Yes | H38: Yes | I38: Yes | J38: Yes | K38: Yes | L38: Yes | M38: Yes | N38: Yes | O38: Yes | P38: Yes | Q38: Yes | R38: Yes | S38: Yes | T38: Yes | U38: Yes | V38: Yes | W38: Yes | X38: Yes | Y38: Yes | Z38: Yes | AA38: Yes | AB38: Yes | AC38: Yes | AD38: Yes | AE38: Yes | AF38: Yes | AG38: No | AH38: Yes | AI38: Yes | AJ38: Yes | AK38: Yes | AL38: Yes | AM38: Yes | AN38: Yes | AO38: Yes | AP38: Yes | AQ38: Yes | AR38: Yes | AS38: Yes | AT38: Yes | AU38: Yes | AV38: Yes | AW38: Yes | AX38: Yes | AY38: Yes | AZ38: Yes | BA38: Yes | BB38: Yes | BC38: Yes | BE38: N/A | BF38: N/A
A39: a04d20b6-329b-44ca-91d9-b198e0d8c1a5 | B39: 45944 | C39: Newlands | D39: I'd rather not, thanks. | E39: Firefighter, CL, Driver, Planning, Logistical Support, | F39: No | G39: No | H39: Yes | I39: No | J39: No | K39: No | L39: No | M39: No | N39: Yes | O39: No | P39: No | Q39: No | R39: No | S39: Yes | T39: Yes | U39: Yes | V39: No | W39: No | X39: No | Y39: No | Z39: No | AA39: No | AB39: No | AC39: No | AD39: No | AE39: No | AF39: No | AG39: No | AH39: No | AI39: No | AJ39: No | AK39: No | AL39: No | AM39: No | AN39: No | AO39: No | AP39: No | AQ39: No | AR39: No | AS39: No | AT39: No | AU39: No | AV39: No | AW39: No | AX39: No | AY39: No | AZ39: No | BA39: No | BB39: No | BC39: No | BD39: Unfortunately likely not available in 2026 due to my wife's medical community service. I'll only know for certain towards the end of the year. If I'm placed near NWL, I'm happy to swap shifts to help out others doing Planning, but cannot commit to anything in 2026 until I know where in SA we're being placed. Apologies! | BE39: N/A | BF39: N/A
A40: 0bbe59b3-49e2-499e-99b3-63721c98b235 | B40: 45933 | C40: Newlands | D40: 1 extra as a firefighter | E40: Firefighter, CL, Driver, Planning, Logistical Support, | F40: Yes | G40: Yes | H40: No | I40: Yes | J40: Yes | K40: Yes | L40: Yes | M40: Yes | N40: No | O40: No | P40: Yes | Q40: Yes | R40: Yes | S40: Yes | T40: Yes | U40: Yes | V40: Yes | W40: Yes | X40: Yes | Y40: Yes | Z40: Yes | AA40: Yes | AB40: Yes | AC40: Yes | AD40: Yes | AE40: Yes | AF40: Yes | AG40: Yes | AH40: Yes | AI40: Yes | AJ40: Yes | AK40: Yes | AL40: Yes | AM40: Yes | AN40: Yes | AO40: Yes | AP40: Yes | AQ40: Yes | AR40: Yes | AS40: Yes | AT40: Yes | AU40: Yes | AV40: Yes | AW40: Yes | AX40: Yes | AY40: Yes | AZ40: Yes | BA40: Yes | BB40: Yes | BC40: Yes | BE40: Newlands | BF40: Newlands
A41: 9013c39d-bbc9-40f2-a94e-3a9517ff794a | B41: 45944 | C41: Stellenbosch/Helderberg | D41: I'd rather not, thanks. | E41: Firefighter, CL, Driver, Planning, Logistical Support, | F41: Yes | G41: No | H41: Yes | I41: No | J41: Yes | K41: No | L41: No | M41: No | N41: No | O41: No | P41: No | Q41: No | R41: No | S41: No | T41: No | U41: No | V41: No | W41: No | X41: No | Y41: No | Z41: Yes | AA41: No | AB41: Yes | AC41: No | AD41: Yes | AE41: No | AF41: Yes | AG41: No | AH41: Yes | AI41: No | AJ41: Yes | AK41: No | AL41: Yes | AM41: No | AN41: Yes | AO41: No | AP41: Yes | AQ41: No | AR41: Yes | AS41: No | AT41: No | AU41: No | AV41: No | AW41: No | AX41: No | AY41: No | AZ41: No | BA41: No | BB41: Yes | BC41: No | BD41: Preference for STB | BE41: N/A | BF41: N/A
A42: dd0b4ba9-7bee-4ed9-b76b-3279d9a480b7 | B42: 45950 | C42: Newlands | D42: If NWL helitack is run again this year, I would like to opt in | E42: Firefighter, CL, Driver, Planning, Logistical Support, | F42: Yes | G42: No | H42: Yes | I42: No | J42: Yes | K42: Yes | L42: No | M42: Yes | N42: Yes | O42: Yes | P42: Yes | Q42: Yes | R42: No | S42: No | T42: No | U42: No | V42: No | W42: No | X42: Yes | Y42: Yes | Z42: Yes | AA42: Yes | AB42: Yes | AC42: Yes | AD42: Yes | AE42: Yes | AF42: Yes | AG42: Yes | AH42: No | AI42: Yes | AJ42: No | AK42: No | AL42: No | AM42: Yes | AN42: Yes | AO42: Yes | AP42: Yes | AQ42: Yes | AR42: No | AS42: No | AT42: Yes | AU42: Yes | AV42: Yes | AW42: Yes | AX42: Yes | AY42: Yes | AZ42: Yes | BA42: Yes | BB42: No | BC42: No | BE42: N/A | BF42: N/A | BH42: 0
A43: 473d1a1c-13f8-4e67-b901-ab6e8d84b298 | B43: 45945 | C43: South Peninsula | D43: I'd rather not, thanks., If NWL helitack is run again this year, I would like to opt in | E43: Firefighter, CL, Driver, Planning, Logistical Support, | F43: No | G43: No | H43: Yes | I43: Yes | J43: No | K43: No | L43: No | M43: No | N43: Yes | O43: No | P43: Yes | Q43: No | R43: Yes | S43: No | T43: No | U43: No | V43: No | W43: No | X43: No | Y43: No | Z43: Yes | AA43: No | AB43: Yes | AC43: No | AD43: Yes | AE43: No | AF43: Yes | AG43: No | AH43: Yes | AI43: No | AJ43: Yes | AK43: No | AL43: Yes | AM43: No | AN43: Yes | AO43: No | AP43: Yes | AQ43: No | AR43: Yes | AS43: No | AT43: Yes | AU43: No | AV43: Yes | AW43: No | AX43: Yes | AY43: No | AZ43: Yes | BA43: No | BB43: Yes | BC43: No | BE43: South Peninsula | BF43: South Peninsula
A44: 12f832cc-5871-45a3-9fdc-18c74f71e5b2 | B44: 45943 | C44: South Peninsula | D44: 1 extra stand by in a secondary role (eg: as a driver or planning) | E44: Firefighter, CL, Driver, Planning, Logistical Support, | F44: Yes | G44: Yes | H44: No | I44: No | J44: No | K44: Yes | L44: No | M44: Yes | N44: No | O44: No | P44: Yes | Q44: Yes | R44: No | S44: No | T44: No | U44: No | V44: No | W44: No | X44: No | Y44: No | Z44: Yes | AA44: Yes | AB44: Yes | AC44: Yes | AD44: Yes | AE44: Yes | AF44: Yes | AG44: Yes | AH44: Yes | AI44: Yes | AJ44: Yes | AK44: Yes | AL44: Yes | AM44: Yes | AN44: Yes | AO44: Yes | AP44: Yes | AQ44: Yes | AR44: Yes | AS44: Yes | AT44: Yes | AU44: Yes | AV44: Yes | AW44: Yes | AX44: Yes | AY44: Yes | AZ44: Yes | BA44: Yes | BB44: Yes | BC44: Yes | BE44: N/A | BF44: N/A
A45: 1b2f80e6-2284-465b-ada2-df8ef1dbceae | B45: 45934 | C45: Newlands | D45: I'd rather not, thanks. | E45: Firefighter, CL, Driver, Planning, Logistical Support, | F45: No | G45: No | H45: No | I45: No | J45: No | K45: No | L45: Yes | M45: No | N45: No | O45: No | P45: Yes | Q45: No | R45: No | S45: No | T45: No | U45: No | V45: No | W45: No | X45: Yes | Y45: No | Z45: No | AA45: No | AB45: No | AC45: No | AD45: No | AE45: No | AF45: Yes | AG45: No | AH45: No | AI45: No | AJ45: No | AK45: No | AL45: No | AM45: No | AN45: Yes | AO45: No | AP45: No | AQ45: No | AR45: No | AS45: No | AT45: No | AU45: No | AV45: No | AW45: No | AX45: No | AY45: No | AZ45: No | BA45: No | BB45: Yes | BC45: No | BD45: can only saturdays please - thank you | BE45: N/A | BF45: N/A
A46: 1697e9d6-ae4b-4abd-9692-65bc324eb726 | B46: 45936 | C46: Newlands | D46: 1 extra stand by in a secondary role (eg: as a driver or planning) | E46: Firefighter, CL, Driver, Planning, Logistical Support, | F46: No | G46: No | H46: Yes | I46: Yes | J46: Yes | K46: Yes | L46: No | M46: No | N46: Yes | O46: Yes | P46: Yes | Q46: Yes | R46: Yes | S46: Yes | T46: No | U46: No | V46: No | W46: No | X46: No | Y46: No | Z46: Yes | AA46: Yes | AB46: No | AC46: No | AD46: Yes | AE46: Yes | AF46: No | AG46: No | AH46: Yes | AI46: Yes | AJ46: Yes | AK46: Yes | AL46: No | AM46: No | AN46: No | AO46: No | AP46: No | AQ46: No | AR46: Yes | AS46: Yes | AT46: Yes | AU46: Yes | AV46: Yes | AW46: Yes | AX46: Yes | AY46: Yes | AZ46: Yes | BA46: Yes | BB46: Yes | BC46: Yes | BE46: Stellenbosch/Helderberg | BF46: South Peninsula
A47: aa59445e-ab28-4033-887e-8587e3db669c | B47: 45933 | C47: Newlands | D47: 1 extra as a firefighter | E47: Firefighter, CL, Driver, Planning, Logistical Support, | F47: No | G47: No | H47: Yes | I47: No | J47: Yes | K47: No | L47: Yes | M47: No | N47: Yes | O47: No | P47: Yes | Q47: No | R47: Yes | S47: No | T47: Yes | U47: Yes | V47: No | W47: No | X47: No | Y47: No | Z47: Yes | AA47: No | AB47: Yes | AC47: No | AD47: Yes | AE47: No | AF47: Yes | AG47: No | AH47: Yes | AI47: No | AJ47: Yes | AK47: No | AL47: Yes | AM47: No | AN47: Yes | AO47: No | AP47: Yes | AQ47: No | AR47: Yes | AS47: No | AT47: Yes | AU47: No | AV47: No | AW47: No | AX47: Yes | AY47: No | AZ47: Yes | BA47: No | BB47: Yes | BC47: No | BE47: Newlands | BF47: South Peninsula
A48: b15b3624-2d4b-4ee2-87eb-a21e7ec5787c | B48: 45933 | C48: Newlands | D48: 1 extra as a firefighter | E48: Firefighter, CL, Driver, Planning, Logistical Support, | F48: Yes | G48: Yes | H48: Yes | I48: Yes | J48: Yes | K48: Yes | L48: Yes | M48: Yes | N48: Yes | O48: Yes | P48: Yes | Q48: Yes | R48: Yes | S48: Yes | T48: Yes | U48: Yes | V48: Yes | W48: Yes | X48: Yes | Y48: Yes | Z48: Yes | AA48: Yes | AB48: Yes | AC48: Yes | AD48: Yes | AE48: Yes | AF48: Yes | AG48: Yes | AH48: Yes | AI48: Yes | AJ48: Yes | AK48: Yes | AL48: Yes | AM48: Yes | AN48: Yes | AO48: Yes | AP48: Yes | AQ48: Yes | AR48: Yes | AS48: Yes | AT48: Yes | AU48: Yes | AV48: Yes | AW48: Yes | AX48: Yes | AY48: Yes | AZ48: Yes | BA48: Yes | BB48: Yes | BC48: Yes | BE48: Newlands | BF48: Newlands
A49: 92b01eea-0300-4775-bc7c-3fdc974ff54f | L49: Yes | N49: No | P49: Yes | U49: No | AJ49: Yes | AK49: Yes | AL49: Yes
A50: 56a76465-a8ef-42c2-a9f7-44c0368e24d1 | B50: 45942 | C50: Newlands | D50: I'd rather not, thanks. | E50: Firefighter, CL, Driver, Planning, Logistical Support, | F50: No | G50: No | H50: Yes | I50: No | J50: No | K50: No | L50: No | M50: No | N50: Yes | O50: No | P50: No | Q50: Yes | R50: No | S50: No | T50: No | U50: No | V50: No | W50: No | X50: No | Y50: No | Z50: No | AA50: No | AB50: Yes | AC50: No | AD50: No | AE50: No | AF50: Yes | AG50: No | AH50: No | AI50: No | AJ50: No | AK50: No | AL50: No | AM50: No | AN50: Yes | AO50: No | AP50: Yes | AQ50: No | AR50: No | AS50: No | AT50: Yes | AU50: No | AV50: No | AW50: No | AX50: No | AY50: No | AZ50: No | BA50: No | BB50: Yes | BC50: Yes | BE50: N/A | BF50: N/A
A51: 9c525960-6b87-497e-85cd-7fd81d31bbfb | B51: 45945 | C51: Stellenbosch/Helderberg | D51: I'd rather not, thanks. | E51: Firefighter, CL, Driver, Planning, Logistical Support, | F51: No | G51: No | H51: Yes | I51: Yes | J51: No | K51: No | L51: No | M51: No | N51: No | O51: No | P51: Yes | Q51: Yes | R51: No | S51: No | T51: No | U51: No | V51: No | W51: No | X51: No | Y51: No | Z51: Yes | AA51: Yes | AB51: Yes | AC51: Yes | AD51: Yes | AE51: Yes | AF51: Yes | AG51: Yes | AH51: Yes | AI51: Yes | AJ51: Yes | AK51: Yes | AL51: Yes | AM51: Yes | AN51: Yes | AO51: Yes | AP51: Yes | AQ51: Yes | AR51: Yes | AS51: Yes | AT51: Yes | AU51: Yes | AV51: Yes | AW51: Yes | AX51: Yes | AY51: Yes | AZ51: Yes | BA51: Yes | BB51: Yes | BC51: Yes | BE51: South Peninsula | BF51: N/A
A52: 60a29dee-ad63-41f6-b6b2-1410687f9dec | B52: 45941 | C52: Newlands | D52: 1 extra as a firefighter, If NWL helitack is run again this year, I would like to opt in | E52: Firefighter, CL, Driver, Planning, Logistical Support, | F52: Yes | G52: Yes | H52: No | I52: No | J52: No | K52: Yes | L52: No | M52: No | N52: No | O52: Yes | P52: No | Q52: No | R52: No | S52: No | T52: No | U52: No | V52: No | W52: No | X52: No | Y52: Yes | Z52: Yes | AA52: Yes | AB52: No | AC52: No | AD52: Yes | AE52: Yes | AF52: Yes | AG52: Yes | AH52: Yes | AI52: Yes | AJ52: Yes | AK52: Yes | AL52: Yes | AM52: Yes | AN52: Yes | AO52: Yes | AP52: Yes | AQ52: Yes | AR52: No | AS52: Yes | AT52: Yes | AU52: Yes | AV52: Yes | AW52: Yes | AX52: Yes | AY52: Yes | AZ52: Yes | BA52: Yes | BB52: Yes | BC52: Yes | BE52: South Peninsula | BF52: N/A
A53: 57874cce-8d64-4c47-8111-f3ce2ab255ae | B53: 45937 | C53: Newlands | D53: 1 extra as a firefighter | E53: Firefighter, CL, Driver, Planning, Logistical Support, | F53: Yes | G53: Yes | H53: Yes | I53: No | J53: No | K53: No | L53: No | M53: No | N53: No | O53: Yes | P53: No | Q53: Yes | R53: No | S53: No | T53: Yes | U53: No | V53: No | W53: No | X53: Yes | Y53: Yes | Z53: Yes | AA53: Yes | AB53: Yes | AC53: Yes | AD53: Yes | AE53: Yes | AF53: Yes | AG53: Yes | AH53: Yes | AI53: Yes | AJ53: Yes | AK53: Yes | AL53: Yes | AM53: Yes | AN53: No | AO53: Yes | AP53: Yes | AQ53: Yes | AR53: Yes | AS53: Yes | AT53: Yes | AU53: Yes | AV53: No | AW53: No | AX53: Yes | AY53: Yes | AZ53: Yes | BA53: Yes | BB53: No | BC53: No | BD53: From February - April Sundays will work better for me as I may get called into work on some Saturdays | BE53: South Peninsula | BF53: Stellenbosch/Helderberg
A54: 2ddabd7f-e47e-44bc-8b7b-9233da4d44a2 | B54: 45943 | C54: South Peninsula | D54: I'd rather not, thanks. | E54: Firefighter, CL, Driver, Planning, Logistical Support, | F54: No | G54: No | H54: Yes | I54: No | J54: No | K54: No | L54: Yes | M54: No | N54: Yes | O54: No | P54: Yes | Q54: No | R54: No | S54: No | T54: No | U54: No | V54: No | W54: No | X54: Yes | Y54: No | Z54: No | AA54: No | AB54: No | AC54: No | AD54: No | AE54: No | AF54: No | AG54: No | AH54: No | AI54: No | AJ54: Yes | AK54: No | AL54: Yes | AM54: Yes | AN54: No | AO54: No | AP54: No | AQ54: No | AR54: No | AS54: No | AT54: Yes | AU54: No | AV54: No | AW54: No | AX54: No | AY54: No | AZ54: No | BA54: No | BB54: Yes | BC54: No | BE54: N/A | BF54: Newlands, N/A
A55: 4543c3e9-8b50-4b43-beba-031c9d54fc3e | B55: 45943 | C55: Newlands | D55: If NWL helitack is run again this year, I would like to opt in | E55: Firefighter, CL, Driver, Planning, Logistical Support, | F55: No | G55: No | H55: No | I55: No | J55: No | K55: No | L55: No | M55: No | N55: No | O55: No | P55: No | Q55: No | R55: No | S55: No | T55: No | U55: No | V55: No | W55: No | X55: No | Y55: No | Z55: No | AA55: No | AB55: Yes | AC55: Yes | AD55: No | AE55: No | AF55: Yes | AG55: Yes | AH55: No | AI55: No | AJ55: Yes | AK55: Yes | AL55: Yes | AM55: Yes | AN55: Yes | AO55: Yes | AP55: No | AQ55: No | AR55: Yes | AS55: Yes | AT55: Yes | AU55: Yes | AV55: Yes | AW55: Yes | AX55: No | AY55: No | AZ55: No | BA55: No | BB55: Yes | BC55: Yes | BE55: South Peninsula | BF55: N/A
A56: c6532a99-20bf-4176-afea-5cbc49501527 | B56: 45945 | C56: Newlands | D56: If NWL helitack is run again this year, I would like to opt in | E56: Firefighter, CL, Driver, Planning, Logistical Support, | F56: No | G56: No | H56: No | I56: No | J56: No | K56: No | L56: No | M56: No | N56: No | O56: No | P56: No | Q56: No | R56: No | S56: Yes | T56: No | U56: No | V56: No | W56: No | X56: No | Y56: Yes | Z56: No | AA56: No | AB56: No | AC56: Yes | AD56: No | AE56: Yes | AF56: No | AG56: Yes | AH56: No | AI56: No | AJ56: No | AK56: Yes | AL56: No | AM56: Yes | AN56: No | AO56: No | AP56: No | AQ56: No | AR56: No | AS56: Yes | AT56: No | AU56: No | AV56: No | AW56: No | AX56: No | AY56: No | AZ56: No | BA56: Yes | BB56: No | BC56: No | BD56: will be applying for Helitack again | BE56: South Peninsula | BF56: N/A
A57: 6ed44f25-a570-48ba-afa1-33b61540152e | B57: 45933 | C57: Newlands | D57: I'd rather not, thanks., If NWL helitack is run again this year, I would like to opt in | E57: Firefighter, CL, Driver, Planning, Logistical Support, | F57: Yes | G57: Yes | H57: No | I57: No | J57: Yes | K57: Yes | L57: No | M57: No | N57: No | O57: No | P57: No | Q57: No | R57: No | S57: No | T57: No | U57: No | V57: No | W57: No | X57: No | Y57: No | Z57: No | AA57: No | AB57: No | AC57: No | AD57: No | AE57: Yes | AF57: Yes | AG57: Yes | AH57: Yes | AI57: Yes | AJ57: Yes | AK57: Yes | AL57: Yes | AM57: Yes | AN57: Yes | AO57: Yes | AP57: Yes | AQ57: Yes | AR57: Yes | AS57: Yes | AT57: Yes | AU57: Yes | AV57: Yes | AW57: Yes | AX57: No | AY57: No | AZ57: No | BA57: No | BB57: No | BC57: No | BE57: N/A | BF57: N/A
A58: a535b1b2-d6e0-47e6-b01f-34c214dc0c37
A59: 73fd417f-5f6c-4923-aeba-18fc9a366bff | B59: 45943 | C59: Newlands | D59: 1 extra as a firefighter, If NWL helitack is run again this year, I would like to opt in | E59: Firefighter, CL, Driver, Planning, Logistical Support, | F59: No | G59: No | H59: Yes | I59: Yes | J59: Yes | K59: Yes | L59: No | M59: No | N59: Yes | O59: Yes | P59: Yes | Q59: Yes | R59: Yes | S59: Yes | T59: No | U59: No | V59: No | W59: No | X59: Yes | Y59: Yes | Z59: Yes | AA59: Yes | AB59: No | AC59: No | AD59: No | AE59: No | AF59: No | AG59: No | AH59: Yes | AI59: Yes | AJ59: No | AK59: No | AL59: Yes | AM59: Yes | AN59: Yes | AO59: Yes | AP59: Yes | AQ59: Yes | AR59: Yes | AS59: Yes | AT59: Yes | AU59: Yes | AV59: No | AW59: No | AX59: Yes | AY59: Yes | AZ59: Yes | BA59: Yes | BB59: Yes | BC59: Yes | BD59: Must be on with 46ee8df1-1215-425f-b0fd-dac4f539cb26 Where possible, please give me Saturday standbys, I start work at 6am on a Monday, if I go to a fire I can get away with one late morning, but not to many. | BE59: N/A | BF59: South Peninsula, Stellenbosch/Helderberg
A60: 7d186b3f-9026-4d34-b3d0-a677af844ef9
A61: 7b20441c-59b3-48b5-bac2-28b8ab9cc9ed | B61: 45945 | C61: Newlands | D61: I'd rather not, thanks. | E61: Firefighter, CL, Driver, Planning, Logistical Support, | F61: No | G61: No | H61: No | I61: No | J61: No | K61: No | L61: No | M61: No | N61: No | O61: No | P61: No | Q61: No | R61: No | S61: No | T61: No | U61: No | V61: No | W61: No | X61: No | Y61: No | Z61: No | AA61: No | AB61: No | AC61: No | AD61: No | AE61: Yes | AF61: Yes | AG61: Yes | AH61: Yes | AI61: Yes | AJ61: Yes | AK61: Yes | AL61: Yes | AM61: Yes | AN61: Yes | AO61: Yes | AP61: Yes | AQ61: Yes | AR61: Yes | AS61: Yes | AT61: Yes | AU61: Yes | AV61: No | AW61: No | AX61: Yes | AY61: Yes | AZ61: Yes | BA61: Yes | BB61: Yes | BC61: Yes | BD61: Must be on with eeb7b005-5b73-4491-8192-3162de381b32 | BE61: N/A | BF61: N/A
A62: 72944677-7875-4197-ae31-c1e80d9f0c34 | B62: 45942 | C62: South Peninsula | D62: I'd rather not, thanks. | E62: Firefighter, CL, Driver, Planning, Logistical Support, | F62: No | G62: No | H62: No | I62: No | J62: No | K62: No | L62: No | M62: No | N62: No | O62: No | P62: No | Q62: No | R62: No | S62: No | T62: No | U62: No | V62: No | W62: No | X62: No | Y62: No | Z62: No | AA62: No | AB62: No | AC62: No | AD62: No | AE62: No | AF62: Yes | AG62: No | AH62: Yes | AI62: No | AJ62: Yes | AK62: No | AL62: Yes | AM62: No | AN62: Yes | AO62: No | AP62: Yes | AQ62: No | AR62: Yes | AS62: No | AT62: Yes | AU62: No | AV62: No | AW62: No | AX62: No | AY62: No | AZ62: No | BA62: No | BB62: No | BC62: No | BE62: Newlands | BF62: Stellenbosch/Helderberg
A63: 609e664c-15ee-4afe-b2a1-187435d0de90 | B63: 45946 | C63: Newlands | D63: 1 extra as a firefighter | E63: Firefighter, CL, Driver, Planning, Logistical Support, | F63: Yes | G63: Yes | H63: Yes | I63: No | J63: Yes | K63: Yes | L63: Yes | M63: Yes | N63: Yes | O63: Yes | P63: Yes | Q63: Yes | R63: No | S63: No | T63: No | U63: No | V63: No | W63: No | X63: No | Y63: No | Z63: No | AA63: Yes | AB63: Yes | AC63: Yes | AD63: Yes | AE63: Yes | AF63: Yes | AG63: Yes | AH63: No | AI63: Yes | AJ63: Yes | AK63: Yes | AL63: Yes | AM63: Yes | AN63: Yes | AO63: Yes | AP63: Yes | AQ63: Yes | AR63: Yes | AS63: Yes | AT63: No | AU63: No | AV63: No | AW63: No | AX63: Yes | AY63: Yes | AZ63: Yes | BA63: Yes | BB63: Yes | BC63: Yes | BE63: South Peninsula | BF63: N/A
A64: a3964179-f1db-47a7-8986-4e07d48faf64 | B64: 45945 | C64: Stellenbosch/Helderberg | D64: I'd rather not, thanks. | E64: Firefighter, CL, Driver, Planning, Logistical Support, | F64: No | G64: No | H64: No | I64: No | J64: No | K64: No | L64: No | M64: No | N64: No | O64: No | P64: No | Q64: No | R64: No | S64: No | T64: Yes | U64: No | V64: Yes | W64: Yes | X64: No | Y64: No | Z64: No | AA64: No | AB64: No | AC64: No | AD64: No | AE64: No | AF64: No | AG64: No | AH64: Yes | AI64: Yes | AJ64: No | AK64: No | AL64: No | AM64: No | AN64: No | AO64: No | AP64: Yes | AQ64: Yes | AR64: No | AS64: No | AT64: No | AU64: No | AV64: No | AW64: No | AX64: Yes | AY64: No | AZ64: No | BA64: Yes | BB64: No | BC64: No | BE64: Stellenbosch/Helderberg | BF64: Newlands
A65: 312ddb36-2bff-4427-ab5b-8e6e045e4650 | B65: 45945 | C65: South Peninsula | D65: 1 extra as a firefighter | E65: Firefighter, CL, Driver, Planning, Logistical Support, | F65: No | G65: No | H65: Yes | I65: Yes | J65: Yes | K65: Yes | L65: No | M65: No | N65: No | O65: No | P65: Yes | Q65: Yes | R65: No | S65: No | T65: Yes | U65: Yes | V65: Yes | W65: Yes | X65: No | Y65: No | Z65: Yes | AA65: Yes | AB65: No | AC65: Yes | AD65: No | AE65: No | AF65: Yes | AG65: Yes | AH65: No | AI65: No | AJ65: Yes | AK65: Yes | AL65: No | AM65: Yes | AN65: No | AO65: No | AP65: Yes | AQ65: Yes | AR65: No | AS65: No | AT65: Yes | AU65: Yes | AV65: No | AW65: No | AX65: Yes | AY65: Yes | AZ65: No | BA65: No | BB65: Yes | BC65: Yes | BD65: My career requires on call weekends and this can change, will inform the station. | BE65: Newlands | BF65: Stellenbosch/Helderberg
A66: 8aec8059-75d2-4c1e-90e1-05e0be50002d | B66: 45933 | C66: Stellenbosch/Helderberg | D66: I'd rather not, thanks. | E66: Firefighter, CL, Driver, Planning, Logistical Support, | F66: No | G66: No | H66: No | I66: No | J66: No | K66: No | L66: No | M66: No | N66: No | O66: No | P66: No | Q66: No | R66: No | S66: No | T66: No | U66: No | V66: No | W66: No | X66: No | Y66: No | Z66: Yes | AA66: Yes | AB66: No | AC66: No | AD66: No | AE66: No | AF66: Yes | AG66: Yes | AH66: No | AI66: No | AJ66: No | AK66: No | AL66: No | AM66: No | AN66: No | AO66: No | AP66: Yes | AQ66: Yes | AR66: No | AS66: No | AT66: No | AU66: No | AV66: No | AW66: No | AX66: No | AY66: No | AZ66: Yes | BA66: Yes | BB66: No | BC66: No | BD66: na | BE66: N/A | BF66: N/A
A67: cc00f8ae-a789-488c-98bc-179c073e7e3c | B67: 45945 | C67: Newlands | D67: 1 extra stand by in a secondary role (eg: as a driver or planning) | E67: Firefighter, CL, Driver, Planning, Logistical Support, | F67: No | G67: No | H67: No | I67: No | J67: No | K67: No | L67: No | M67: Yes | N67: Yes | O67: Yes | P67: Yes | Q67: Yes | R67: Yes | S67: No | T67: No | U67: No | V67: No | W67: No | X67: No | Y67: Yes | Z67: Yes | AA67: Yes | AB67: Yes | AC67: Yes | AD67: Yes | AE67: Yes | AF67: Yes | AG67: Yes | AH67: Yes | AI67: Yes | AJ67: Yes | AK67: Yes | AL67: Yes | AM67: Yes | AN67: Yes | AO67: No | AP67: No | AQ67: No | AR67: No | AS67: No | AT67: Yes | AU67: Yes | AV67: Yes | AW67: No | AX67: No | AY67: No | AZ67: No | BA67: No | BB67: No | BC67: No | BE67: South Peninsula | BF67: N/A
A68: 419f379d-fe7a-4148-a6ed-70cff7f37e1e | B68: 45945 | C68: South Peninsula | D68: 1 extra as a firefighter | E68: Firefighter, CL, Driver, Planning, Logistical Support, | F68: No | G68: Yes | H68: Yes | I68: Yes | J68: Yes | K68: Yes | L68: No | M68: No | N68: No | O68: No | P68: No | Q68: No | R68: No | S68: No | T68: No | U68: No | V68: No | W68: No | X68: No | Y68: No | Z68: Yes | AA68: Yes | AB68: Yes | AC68: Yes | AD68: Yes | AE68: Yes | AF68: Yes | AG68: Yes | AH68: Yes | AI68: Yes | AJ68: Yes | AK68: Yes | AL68: Yes | AM68: Yes | AN68: Yes | AO68: Yes | AP68: No | AQ68: No | AR68: No | AS68: Yes | AT68: Yes | AU68: Yes | AV68: No | AW68: No | AX68: No | AY68: No | AZ68: No | BA68: No | BB68: Yes | BC68: No | BE68: N/A | BF68: N/A
A69: a376171d-c414-4eb8-a744-17ed8ae1fc28 | B69: 45933 | C69: Newlands | D69: 1 extra as a firefighter, 1 extra stand by in a secondary role (eg: as a driver or planning), If NWL helitack is run again this year, I would like to opt in | E69: Firefighter, CL, Driver, Planning, Logistical Support, | F69: Yes | G69: Yes | H69: Yes | I69: No | J69: Yes | K69: Yes | L69: Yes | M69: Yes | N69: Yes | O69: Yes | P69: Yes | Q69: Yes | R69: No | S69: No | T69: No | U69: No | V69: No | W69: No | X69: No | Y69: Yes | Z69: Yes | AA69: Yes | AB69: Yes | AC69: Yes | AD69: Yes | AE69: Yes | AF69: Yes | AG69: Yes | AH69: No | AI69: Yes | AJ69: Yes | AK69: Yes | AL69: Yes | AM69: Yes | AN69: No | AO69: No | AP69: No | AQ69: No | AR69: Yes | AS69: Yes | AT69: Yes | AU69: Yes | AV69: Yes | AW69: Yes | AX69: No | AY69: No | AZ69: Yes | BA69: Yes | BB69: Yes | BC69: Yes | BE69: South Peninsula | BF69: N/A
A70: ffbc20e9-c35d-43ca-a055-721a8dacb0d6 | B70: 45950 | C70: Stellenbosch/Helderberg | D70: I'd rather not, thanks. | E70: Firefighter, CL, Driver, Planning, Logistical Support, | F70: No | G70: No | H70: Yes | I70: Yes | J70: Yes | K70: Yes | L70: Yes | M70: Yes | N70: Yes | O70: Yes | P70: No | Q70: No | R70: No | S70: No | T70: No | U70: No | V70: No | W70: No | X70: No | Y70: No | Z70: No | AA70: No | AB70: No | AC70: No | AD70: No | AE70: Yes | AF70: Yes | AG70: Yes | AH70: Yes | AI70: Yes | AJ70: Yes | AK70: Yes | AL70: Yes | AM70: Yes | AN70: Yes | AO70: Yes | AP70: No | AQ70: No | AR70: No | AS70: No | AT70: No | AU70: No | AV70: No | AW70: No | AX70: Yes | AY70: Yes | AZ70: Yes | BA70: Yes | BB70: No | BC70: No | BE70: N/A | BF70: N/A | BH70: 0
A71: 81d2fa12-db1e-4ace-9124-a55629bf307f | B71: 45941 | C71: South Peninsula | D71: 1 extra stand by in a secondary role (eg: as a driver or planning) | E71: Firefighter, CL, Driver, Planning, Logistical Support, | F71: No | G71: No | H71: No | I71: No | J71: No | K71: No | L71: Yes | M71: Yes | N71: No | O71: Yes | P71: Yes | Q71: Yes | R71: Yes | S71: No | T71: No | U71: No | V71: No | W71: No | X71: No | Y71: Yes | Z71: Yes | AA71: Yes | AB71: Yes | AC71: Yes | AD71: Yes | AE71: No | AF71: No | AG71: No | AH71: No | AI71: No | AJ71: Yes | AK71: Yes | AL71: Yes | AM71: No | AN71: No | AO71: No | AP71: No | AQ71: No | AR71: No | AS71: No | AT71: Yes | AU71: Yes | AV71: No | AW71: No | AX71: No | AY71: Yes | AZ71: No | BA71: No | BB71: Yes | BC71: Yes | BE71: Newlands | BF71: South Peninsula
A72: b42117dd-863c-453f-bba0-f76858f2f34d | B72: 45945 | C72: Newlands | D72: 1 extra as a firefighter | E72: Firefighter, CL, Driver, Planning, Logistical Support, | F72: No | G72: No | H72: No | I72: No | J72: No | K72: No | L72: Yes | M72: Yes | N72: Yes | O72: Yes | P72: Yes | Q72: Yes | R72: Yes | S72: Yes | T72: Yes | U72: Yes | V72: Yes | W72: Yes | X72: Yes | Y72: Yes | Z72: Yes | AA72: Yes | AB72: Yes | AC72: Yes | AD72: Yes | AE72: Yes | AF72: Yes | AG72: Yes | AH72: Yes | AI72: Yes | AJ72: Yes | AK72: Yes | AL72: Yes | AM72: Yes | AN72: Yes | AO72: Yes | AP72: Yes | AQ72: Yes | AR72: Yes | AS72: Yes | AT72: Yes | AU72: Yes | AV72: Yes | AW72: Yes | AX72: No | AY72: No | AZ72: Yes | BA72: Yes | BB72: Yes | BC72: Yes | BE72: Newlands | BF72: Newlands
A73: 7642ad08-2d0c-4462-afb0-552000352956 | B73: 45944 | C73: Newlands | D73: 1 extra as a firefighter | E73: Firefighter, CL, Driver, Planning, Logistical Support, | F73: Yes | G73: Yes | H73: Yes | I73: Yes | J73: No | K73: No | L73: Yes | M73: Yes | N73: Yes | O73: Yes | P73: Yes | Q73: Yes | R73: Yes | S73: Yes | T73: Yes | U73: Yes | V73: Yes | W73: Yes | X73: Yes | Y73: Yes | Z73: Yes | AA73: Yes | AB73: Yes | AC73: Yes | AD73: Yes | AE73: No | AF73: No | AG73: No | AH73: No | AI73: No | AJ73: No | AK73: No | AL73: No | AM73: No | AN73: No | AO73: No | AP73: No | AQ73: No | AR73: No | AS73: No | AT73: No | AU73: No | AV73: No | AW73: No | AX73: No | AY73: No | AZ73: No | BA73: No | BB73: No | BC73: No | BE73: N/A | BF73: N/A
A74: 6b8bfdb6-5a9e-4bfc-be0e-ba3dd02d742e | B74: 45933 | C74: Stellenbosch/Helderberg | D74: 1 extra as a firefighter, If NWL helitack is run again this year, I would like to opt in | E74: Firefighter, CL, Driver, Planning, Logistical Support, | F74: No | G74: No | H74: No | I74: No | J74: Yes | K74: No | L74: Yes | M74: No | N74: Yes | O74: No | P74: Yes | Q74: No | R74: No | S74: No | T74: No | U74: No | V74: No | W74: No | X74: No | Y74: No | Z74: No | AA74: No | AB74: Yes | AC74: Yes | AD74: Yes | AE74: No | AF74: Yes | AG74: Yes | AH74: No | AI74: Yes | AJ74: No | AK74: Yes | AL74: Yes | AM74: Yes | AN74: Yes | AO74: Yes | AP74: Yes | AQ74: No | AR74: Yes | AS74: No | AT74: Yes | AU74: No | AV74: Yes | AW74: No | AX74: Yes | AY74: Yes | AZ74: Yes | BA74: No | BB74: Yes | BC74: Yes | BD74: We haven’t recieved our exam time table for next year yet, so I’m not 100% sure of the dates, but will sort that out if it needs to be. | BE74: Newlands | BF74: South Peninsula
A75: a11e7029-983d-4838-837e-d83eccc9f9e9 | B75: 45945 | C75: Stellenbosch/Helderberg | D75: I'd rather not, thanks. | E75: Firefighter, CL, Driver, Planning, Logistical Support, | F75: Yes | G75: Yes | H75: No | I75: No | J75: Yes | K75: Yes | L75: Yes | M75: Yes | N75: No | O75: No | P75: Yes | Q75: Yes | R75: No | S75: No | T75: Yes | U75: Yes | V75: No | W75: No | X75: No | Y75: No | Z75: Yes | AA75: Yes | AB75: Yes | AC75: Yes | AD75: Yes | AE75: Yes | AF75: No | AG75: No | AH75: Yes | AI75: Yes | AJ75: Yes | AK75: No | AL75: No | AM75: Yes | AN75: No | AO75: No | AP75: Yes | AQ75: Yes | AR75: Yes | AS75: No | AT75: No | AU75: No | AV75: Yes | AW75: Yes | AX75: No | AY75: No | AZ75: Yes | BA75: Yes | BB75: No | BC75: No | BE75: Newlands | BF75: N/A
A76: 570f6d3e-07ed-4c3f-b323-b6ec814cd3f8 | B76: 45945 | C76: Stellenbosch/Helderberg | D76: I'd rather not, thanks. | E76: Firefighter, CL, Driver, Planning, Logistical Support, | F76: No | G76: No | H76: Yes | I76: Yes | J76: No | K76: No | L76: Yes | M76: Yes | N76: No | O76: No | P76: No | Q76: No | R76: No | S76: No | T76: Yes | U76: Yes | V76: No | W76: No | X76: Yes | Y76: Yes | Z76: No | AA76: No | AB76: Yes | AC76: Yes | AD76: No | AE76: No | AF76: Yes | AG76: Yes | AH76: No | AI76: No | AJ76: Yes | AK76: Yes | AL76: No | AM76: No | AN76: Yes | AO76: Yes | AP76: No | AQ76: No | AR76: Yes | AS76: Yes | AT76: No | AU76: No | AV76: No | AW76: No | AX76: No | AY76: No | AZ76: Yes | BA76: Yes | BB76: No | BC76: No | BE76: Stellenbosch/Helderberg | BF76: Stellenbosch/Helderberg
A77: 04c0b819-4154-4a86-a0c2-726c404408a2 | B77: 45943 | C77: Newlands | D77: If NWL helitack is run again this year, I would like to opt in | E77: Firefighter, CL, Driver, Planning, Logistical Support, | F77: Yes | G77: Yes | H77: Yes | I77: Yes | J77: Yes | K77: Yes | L77: Yes | M77: Yes | N77: Yes | O77: Yes | P77: Yes | Q77: Yes | R77: No | S77: No | T77: No | U77: No | V77: No | W77: No | X77: Yes | Y77: Yes | Z77: Yes | AA77: Yes | AB77: No | AC77: No | AD77: No | AE77: No | AF77: No | AG77: No | AH77: No | AI77: No | AJ77: No | AK77: No | AL77: Yes | AM77: Yes | AN77: Yes | AO77: Yes | AP77: Yes | AQ77: Yes | AR77: Yes | AS77: Yes | AT77: Yes | AU77: Yes | AV77: No | AW77: No | AX77: Yes | AY77: Yes | AZ77: Yes | BA77: Yes | BB77: No | BC77: No | BD77: We're expecting our daughter (first child) at the end of January (ETA 26 Jan), so I've got a block of lot of no's for end January through February to accommodate for this. | BE77: N/A | BF77: N/A
A78: 84ecfdd5-ca04-48d3-807a-07f54458d288 | B78: 45941 | C78: Stellenbosch/Helderberg | D78: I'd rather not, thanks. | E78: Firefighter, CL, Driver, Planning, Logistical Support, | F78: No | G78: No | H78: No | I78: No | J78: No | K78: No | L78: No | M78: No | N78: No | O78: No | P78: No | Q78: No | R78: Yes | S78: Yes | T78: No | U78: No | V78: No | W78: No | X78: Yes | Y78: Yes | Z78: No | AA78: No | AB78: No | AC78: No | AD78: No | AE78: No | AF78: No | AG78: No | AH78: No | AI78: No | AJ78: No | AK78: Yes | AL78: Yes | AM78: Yes | AN78: No | AO78: No | AP78: Yes | AQ78: Yes | AR78: No | AS78: No | AT78: No | AU78: No | AV78: No | AW78: No | AX78: No | AY78: No | AZ78: No | BA78: Yes | BB78: Yes | BC78: Yes | BE78: Stellenbosch/Helderberg | BF78: Stellenbosch/Helderberg
A79: 0f0b573c-df94-45bf-9336-01a7a37cef83
A80: 8547ff1e-a747-4c19-b3fe-813f07d82ff8 | B80: 45936 | C80: Newlands | D80: I'd rather not, thanks. | E80: Firefighter, CL, Driver, Planning, Logistical Support, | F80: Yes | G80: Yes | H80: Yes | I80: Yes | J80: Yes | K80: Yes | L80: No | M80: No | N80: No | O80: No | P80: No | Q80: No | R80: No | S80: No | T80: No | U80: No | V80: No | W80: No | X80: No | Y80: No | Z80: No | AA80: No | AB80: No | AC80: No | AD80: No | AE80: No | AF80: No | AG80: No | AH80: No | AI80: No | AJ80: No | AK80: No | AL80: Yes | AM80: Yes | AN80: Yes | AO80: Yes | AP80: Yes | AQ80: Yes | AR80: Yes | AS80: Yes | AT80: Yes | AU80: Yes | AV80: Yes | AW80: Yes | AX80: Yes | AY80: Yes | AZ80: Yes | BA80: Yes | BB80: Yes | BC80: Yes | BE80: N/A | BF80: N/A
A81: d4875b2e-ac52-44fb-93b0-044d1d078e92 | B81: 45933 | C81: Stellenbosch/Helderberg | D81: 1 extra as a firefighter, 1 extra stand by in a secondary role (eg: as a driver or planning) | E81: Firefighter, CL, Driver, Planning, Logistical Support, | F81: Yes | G81: No | H81: Yes | I81: No | J81: Yes | K81: No | L81: No | M81: No | N81: No | O81: No | P81: No | Q81: No | R81: Yes | S81: Yes | T81: Yes | U81: Yes | V81: Yes | W81: Yes | X81: Yes | Y81: Yes | Z81: No | AA81: No | AB81: No | AC81: No | AD81: No | AE81: No | AF81: Yes | AG81: No | AH81: Yes | AI81: Yes | AJ81: No | AK81: No | AL81: No | AM81: No | AN81: Yes | AO81: No | AP81: Yes | AQ81: Yes | AR81: No | AS81: No | AT81: Yes | AU81: Yes | AV81: Yes | AW81: Yes | AX81: No | AY81: No | AZ81: Yes | BA81: Yes | BB81: No | BC81: No | BD81: Specific request for November 15th 20225 | BE81: Stellenbosch/Helderberg | BF81: Stellenbosch/Helderberg
A82: 0b72e418-d733-4834-a178-f3f84be71698 | B82: 45942 | C82: Newlands | D82: I'd rather not, thanks. | E82: Firefighter, CL, Driver, Planning, Logistical Support, | F82: No | G82: No | H82: No | I82: No | J82: Yes | K82: Yes | L82: Yes | M82: Yes | N82: Yes | O82: Yes | P82: Yes | Q82: Yes | R82: Yes | S82: Yes | T82: No | U82: No | V82: No | W82: No | X82: Yes | Y82: Yes | Z82: Yes | AA82: Yes | AB82: Yes | AC82: Yes | AD82: Yes | AE82: Yes | AF82: Yes | AG82: Yes | AH82: Yes | AI82: Yes | AJ82: Yes | AK82: Yes | AL82: Yes | AM82: No | AN82: No | AO82: No | AP82: No | AQ82: No | AR82: No | AS82: No | AT82: No | AU82: No | AV82: No | AW82: No | AX82: No | AY82: No | AZ82: No | BA82: No | BB82: No | BC82: No | BE82: N/A | BF82: N/A
A83: b5b46fd4-d75e-4023-8858-bbe0505184d6 | B83: 45937 | C83: Newlands | D83: 1 extra as a firefighter | E83: Firefighter, CL, Driver, Planning, Logistical Support, | F83: No | G83: Yes | H83: Yes | I83: No | J83: No | K83: No | L83: Yes | M83: No | N83: Yes | O83: No | P83: No | Q83: No | R83: Yes | S83: No | T83: Yes | U83: No | V83: No | W83: No | X83: Yes | Y83: No | Z83: Yes | AA83: No | AB83: Yes | AC83: No | AD83: Yes | AE83: No | AF83: Yes | AG83: No | AH83: Yes | AI83: No | AJ83: Yes | AK83: No | AL83: Yes | AM83: No | AN83: Yes | AO83: No | AP83: Yes | AQ83: No | AR83: Yes | AS83: No | AT83: Yes | AU83: No | AV83: No | AW83: No | AX83: Yes | AY83: No | AZ83: Yes | BA83: No | BB83: Yes | BC83: No | BE83: Newlands | BF83: Newlands
A84: 71535ceb-2ad3-408d-b6a1-1ea1108a6377 | B84: 45933 | C84: Newlands | D84: 1 extra as a firefighter | E84: Firefighter, CL, Driver, Planning, Logistical Support, | F84: No | G84: No | H84: Yes | I84: Yes | J84: Yes | K84: Yes | L84: Yes | M84: Yes | N84: Yes | O84: Yes | P84: Yes | Q84: Yes | R84: No | S84: No | T84: No | U84: No | V84: No | W84: No | X84: No | Y84: No | Z84: Yes | AA84: Yes | AB84: Yes | AC84: Yes | AD84: Yes | AE84: No | AF84: Yes | AG84: Yes | AH84: No | AI84: Yes | AJ84: Yes | AK84: Yes | AL84: Yes | AM84: Yes | AN84: Yes | AO84: Yes | AP84: Yes | AQ84: Yes | AR84: Yes | AS84: Yes | AT84: Yes | AU84: Yes | AV84: Yes | AW84: Yes | AX84: No | AY84: No | AZ84: Yes | BA84: Yes | BB84: Yes | BC84: Yes | BE84: South Peninsula | BF84: Stellenbosch/Helderberg
A85: e7e22542-906c-4f53-af39-d2deb0f3dae3 | B85: 45933 | C85: Stellenbosch/Helderberg | D85: 1 extra as a firefighter | E85: Firefighter, CL, Driver, Planning, Logistical Support, | F85: Yes | G85: Yes | H85: Yes | I85: Yes | J85: No | K85: No | L85: Yes | M85: No | N85: Yes | O85: Yes | P85: Yes | Q85: Yes | R85: No | S85: No | T85: No | U85: No | V85: Yes | W85: Yes | X85: Yes | Y85: Yes | Z85: Yes | AA85: Yes | AB85: Yes | AC85: Yes | AD85: Yes | AE85: Yes | AF85: Yes | AG85: Yes | AH85: Yes | AI85: Yes | AJ85: Yes | AK85: Yes | AL85: Yes | AM85: Yes | AN85: Yes | AO85: Yes | AP85: Yes | AQ85: Yes | AR85: Yes | AS85: Yes | AT85: Yes | AU85: Yes | AV85: No | AW85: No | AX85: Yes | AY85: Yes | AZ85: Yes | BA85: Yes | BB85: No | BC85: No | BE85: Stellenbosch/Helderberg | BF85: Newlands
A86: 31512974-2c3d-45f1-8e38-d022a12280cc | B86: 45936 | C86: Newlands | D86: 1 extra as a firefighter, 1 extra stand by in a secondary role (eg: as a driver or planning) | E86: Firefighter, CL, Driver, Planning, Logistical Support, | F86: Yes | G86: Yes | H86: No | I86: No | J86: Yes | K86: Yes | L86: No | M86: Yes | N86: Yes | O86: Yes | P86: No | Q86: No | R86: No | S86: No | T86: Yes | U86: Yes | V86: Yes | W86: Yes | X86: Yes | Y86: Yes | Z86: Yes | AA86: Yes | AB86: No | AC86: Yes | AD86: Yes | AE86: Yes | AF86: Yes | AG86: Yes | AH86: Yes | AI86: Yes | AJ86: Yes | AK86: Yes | AL86: Yes | AM86: Yes | AN86: No | AO86: No | AP86: Yes | AQ86: Yes | AR86: Yes | AS86: Yes | AT86: Yes | AU86: Yes | AV86: Yes | AW86: Yes | AX86: Yes | AY86: Yes | AZ86: Yes | BA86: Yes | BB86: Yes | BC86: Yes | BD86: Must be on with d6bfecb2-a27a-4d78-ab91-a9fec7323f96 | BE86: South Peninsula | BF86: N/A
A87: fe4343a0-6854-40dc-ae06-ed0d3e1ab1b2 | B87: 45942 | C87: Newlands | D87: 1 extra as a firefighter, 1 extra stand by in a secondary role (eg: as a driver or planning) | E87: Firefighter, CL, Driver, Planning, Logistical Support, | F87: No | G87: No | H87: No | I87: No | J87: No | K87: Yes | L87: Yes | M87: Yes | N87: Yes | O87: Yes | P87: No | Q87: No | R87: Yes | S87: Yes | T87: Yes | U87: Yes | V87: Yes | W87: Yes | X87: Yes | Y87: Yes | Z87: Yes | AA87: Yes | AB87: Yes | AC87: Yes | AD87: Yes | AE87: Yes | AF87: Yes | AG87: Yes | AH87: No | AI87: No | AJ87: Yes | AK87: Yes | AL87: Yes | AM87: Yes | AN87: Yes | AO87: Yes | AP87: Yes | AQ87: Yes | AR87: Yes | AS87: Yes | AT87: Yes | AU87: Yes | AV87: Yes | AW87: Yes | AX87: Yes | AY87: Yes | AZ87: Yes | BA87: Yes | BB87: Yes | BC87: Yes | BE87: N/A | BF87: N/A
A88: c9671322-f97b-4f02-928d-060e68a121ce | B88: 45933 | C88: Newlands | D88: I'd rather not, thanks. | E88: Firefighter, CL, Driver, Planning, Logistical Support, | F88: Yes | G88: Yes | H88: Yes | I88: Yes | J88: No | K88: Yes | L88: Yes | M88: Yes | N88: No | O88: No | P88: Yes | Q88: Yes | R88: No | S88: No | T88: No | U88: No | V88: No | W88: No | X88: Yes | Y88: Yes | Z88: No | AA88: No | AB88: No | AC88: No | AD88: No | AE88: No | AF88: No | AG88: Yes | AH88: Yes | AI88: Yes | AJ88: Yes | AK88: Yes | AL88: Yes | AM88: No | AN88: Yes | AO88: Yes | AP88: No | AQ88: No | AR88: No | AS88: No | AT88: Yes | AU88: Yes | AV88: No | AW88: No | AX88: Yes | AY88: Yes | AZ88: Yes | BA88: Yes | BB88: No | BC88: No | BE88: N/A | BF88: N/A
A89: a42107b3-7228-4e3f-b8a9-5158355a0ef9 | B89: 45941 | C89: South Peninsula | D89: 1 extra as a firefighter | E89: Firefighter, CL, Driver, Planning, Logistical Support, | F89: Yes | G89: No | H89: Yes | I89: Yes | J89: Yes | K89: No | L89: No | M89: Yes | N89: Yes | O89: No | P89: No | Q89: Yes | R89: Yes | S89: No | T89: Yes | U89: Yes | V89: No | W89: Yes | X89: No | Y89: Yes | Z89: Yes | AA89: Yes | AB89: Yes | AC89: Yes | AD89: Yes | AE89: No | AF89: Yes | AG89: Yes | AH89: Yes | AI89: Yes | AJ89: Yes | AK89: Yes | AL89: Yes | AM89: Yes | AN89: No | AO89: Yes | AP89: Yes | AQ89: Yes | AR89: Yes | AS89: Yes | AT89: Yes | AU89: Yes | AV89: Yes | AW89: Yes | AX89: Yes | AY89: Yes | AZ89: Yes | BA89: Yes | BB89: Yes | BC89: Yes | BE89: South Peninsula | BF89: South Peninsula
A90: c2347b09-59c9-46a7-ab18-28c664dc118c
A91: 5918aa6f-7fa6-4122-9e89-de4a8427a53c | B91: 45944 | C91: Stellenbosch/Helderberg | D91: If NWL helitack is run again this year, I would like to opt in | E91: Firefighter, CL, Driver, Planning, Logistical Support, | F91: No | G91: No | H91: No | I91: No | J91: No | K91: No | L91: Yes | M91: Yes | N91: Yes | O91: Yes | P91: No | Q91: No | R91: Yes | S91: Yes | T91: No | U91: No | V91: Yes | W91: Yes | X91: Yes | Y91: Yes | Z91: Yes | AA91: Yes | AB91: No | AC91: No | AD91: No | AE91: No | AF91: Yes | AG91: Yes | AH91: Yes | AI91: Yes | AJ91: No | AK91: No | AL91: No | AM91: No | AN91: No | AO91: No | AP91: Yes | AQ91: Yes | AR91: Yes | AS91: Yes | AT91: Yes | AU91: Yes | AV91: Yes | AW91: Yes | AX91: Yes | AY91: Yes | AZ91: Yes | BA91: Yes | BB91: Yes | BC91: Yes | BD91: Saturday standbys OK | BE91: South Peninsula | BF91: Newlands
A92: 86afe3f6-e350-4ee2-abb4-81e627f3470c | B92: 45935 | C92: Stellenbosch/Helderberg | D92: I'd rather not, thanks. | E92: Firefighter, CL, Driver, Planning, Logistical Support, | F92: No | G92: No | H92: No | I92: No | J92: No | K92: No | L92: No | M92: No | N92: Yes | O92: Yes | P92: Yes | Q92: Yes | R92: No | S92: No | T92: No | U92: No | V92: Yes | W92: Yes | X92: Yes | Y92: Yes | Z92: Yes | AA92: Yes | AB92: Yes | AC92: Yes | AD92: Yes | AE92: Yes | AF92: No | AG92: No | AH92: Yes | AI92: Yes | AJ92: No | AK92: No | AL92: Yes | AM92: Yes | AN92: Yes | AO92: Yes | AP92: No | AQ92: No | AR92: No | AS92: No | AT92: No | AU92: No | AV92: No | AW92: No | AX92: No | AY92: No | AZ92: No | BA92: No | BB92: No | BC92: No | BE92: Stellenbosch/Helderberg | BF92: Newlands
A93: 0b384f7a-e454-447f-b18a-020a9f9e9635 | B93: 45933 | C93: Newlands | D93: 1 extra stand by in a secondary role (eg: as a driver or planning) | E93: Firefighter, CL, Driver, Planning, Logistical Support, | F93: No | G93: No | H93: No | I93: No | J93: No | K93: No | L93: No | M93: No | N93: No | O93: Yes | P93: Yes | Q93: Yes | R93: Yes | S93: Yes | T93: No | U93: No | V93: Yes | W93: Yes | X93: Yes | Y93: Yes | Z93: Yes | AA93: Yes | AB93: Yes | AC93: Yes | AD93: Yes | AE93: Yes | AF93: Yes | AG93: Yes | AH93: No | AI93: No | AJ93: No | AK93: No | AL93: Yes | AM93: Yes | AN93: Yes | AO93: Yes | AP93: Yes | AQ93: Yes | AR93: Yes | AS93: Yes | AT93: Yes | AU93: Yes | AV93: No | AW93: No | AX93: Yes | AY93: Yes | AZ93: Yes | BA93: Yes | BB93: Yes | BC93: No | BE93: Stellenbosch/Helderberg | BF93: South Peninsula
A94: c4f2c2b4-3423-4a29-8d1d-67f5a945a84d | B94: 45945 | C94: Newlands | D94: 1 extra as a firefighter, If NWL helitack is run again this year, I would like to opt in | E94: Firefighter, CL, Driver, Planning, Logistical Support, | F94: No | G94: No | H94: No | I94: No | J94: No | K94: No | L94: Yes | M94: Yes | N94: Yes | O94: Yes | P94: Yes | Q94: Yes | R94: No | S94: No | T94: No | U94: No | V94: No | W94: No | X94: No | Y94: No | Z94: Yes | AA94: Yes | AB94: Yes | AC94: Yes | AD94: Yes | AE94: Yes | AF94: Yes | AG94: Yes | AH94: Yes | AI94: Yes | AJ94: Yes | AK94: Yes | AL94: Yes | AM94: Yes | AN94: Yes | AO94: Yes | AP94: Yes | AQ94: Yes | AR94: Yes | AS94: Yes | AT94: Yes | AU94: Yes | AV94: Yes | AW94: Yes | AX94: Yes | AY94: Yes | AZ94: Yes | BA94: Yes | BB94: Yes | BC94: Yes | BE94: Stellenbosch/Helderberg | BF94: Stellenbosch/Helderberg
A95: 259de336-b352-422e-98bf-0227b153d7d2 | B95: 45942 | C95: South Peninsula | D95: 1 extra stand by in a secondary role (eg: as a driver or planning) | E95: Firefighter, CL, Driver, Planning, Logistical Support, | F95: Yes | G95: Yes | H95: Yes | I95: Yes | J95: Yes | K95: Yes | L95: Yes | M95: Yes | N95: Yes | O95: Yes | P95: Yes | Q95: Yes | R95: Yes | S95: Yes | T95: Yes | U95: Yes | V95: Yes | W95: Yes | X95: Yes | Y95: Yes | Z95: Yes | AA95: Yes | AB95: Yes | AC95: Yes | AD95: Yes | AE95: Yes | AF95: Yes | AG95: Yes | AH95: Yes | AI95: Yes | AJ95: Yes | AK95: Yes | AL95: Yes | AM95: Yes | AN95: Yes | AO95: Yes | AP95: Yes | AQ95: Yes | AR95: Yes | AS95: Yes | AT95: Yes | AU95: Yes | AV95: Yes | AW95: Yes | AX95: Yes | AY95: Yes | AZ95: Yes | BA95: Yes | BB95: Yes | BC95: Yes | BE95: Newlands | BF95: N/A
A96: 99282b59-82d0-40d3-bf7c-b4646ae9d9c3 | B96: 45945 | C96: Newlands | D96: If NWL helitack is run again this year, I would like to opt in | E96: Firefighter, CL, Driver, Planning, Logistical Support, | F96: Yes | G96: Yes | H96: Yes | I96: Yes | J96: No | K96: No | L96: Yes | M96: Yes | N96: Yes | O96: Yes | P96: Yes | Q96: Yes | R96: No | S96: No | T96: No | U96: No | V96: No | W96: No | X96: Yes | Y96: Yes | Z96: Yes | AA96: Yes | AB96: Yes | AC96: Yes | AD96: Yes | AE96: Yes | AF96: Yes | AG96: Yes | AH96: No | AI96: No | AJ96: Yes | AK96: Yes | AL96: No | AM96: No | AN96: No | AO96: No | AP96: Yes | AQ96: Yes | AR96: Yes | AS96: Yes | AT96: Yes | AU96: Yes | AV96: No | AW96: No | AX96: Yes | AY96: Yes | AZ96: Yes | BA96: Yes | BB96: Yes | BC96: Yes | BE96: N/A | BF96: N/A
A97: 485a963b-d041-4535-ab53-090c46c12b0a | B97: 45937 | C97: Stellenbosch/Helderberg | D97: 1 extra as a firefighter | E97: Firefighter, CL, Driver, Planning, Logistical Support, | F97: Yes | G97: Yes | H97: Yes | I97: Yes | J97: Yes | K97: Yes | L97: No | M97: No | N97: No | O97: No | P97: Yes | Q97: Yes | R97: Yes | S97: Yes | T97: No | U97: No | V97: No | W97: No | X97: No | Y97: No | Z97: Yes | AA97: Yes | AB97: Yes | AC97: Yes | AD97: Yes | AE97: Yes | AF97: Yes | AG97: Yes | AH97: Yes | AI97: Yes | AJ97: Yes | AK97: Yes | AL97: Yes | AM97: Yes | AN97: No | AO97: No | AP97: No | AQ97: No | AR97: Yes | AS97: Yes | AT97: Yes | AU97: Yes | AV97: No | AW97: No | AX97: Yes | AY97: Yes | AZ97: Yes | BA97: Yes | BB97: Yes | BC97: Yes | BD97: Can I please be put down for HDB standbys over STB standbys as much as possible. | BE97: Stellenbosch/Helderberg | BF97: Stellenbosch/Helderberg
A98: ecdd3808-2753-4748-ab41-57d46e5f19e5 | B98: 45933 | C98: Newlands | D98: I'd rather not, thanks. | E98: Firefighter, CL, Driver, Planning, Logistical Support, | F98: No | G98: No | H98: No | I98: No | J98: No | K98: No | L98: Yes | M98: No | N98: No | O98: No | P98: No | Q98: No | R98: No | S98: No | T98: No | U98: No | V98: No | W98: No | X98: Yes | Y98: Yes | Z98: Yes | AA98: Yes | AB98: Yes | AC98: Yes | AD98: Yes | AE98: Yes | AF98: No | AG98: No | AH98: Yes | AI98: Yes | AJ98: No | AK98: No | AL98: Yes | AM98: Yes | AN98: No | AO98: No | AP98: Yes | AQ98: Yes | AR98: No | AS98: No | AT98: Yes | AU98: Yes | AV98: Yes | AW98: No | AX98: No | AY98: No | AZ98: No | BA98: No | BB98: Yes | BC98: Yes | BD98: Ideally back to back standy's as i have to take full weekends off work (even if i'm only at vws for one of the days) and it would be great to limit the amount of days i have to take off work for. Totally understandable if this isnt possible though | BE98: N/A | BF98: N/A
A99: 544777c4-ffb2-4e7f-88dc-a257399a331c | B99: 45938 | C99: Newlands | D99: 1 extra as a firefighter | E99: Firefighter, CL, Driver, Planning, Logistical Support, | F99: Yes | G99: Yes | H99: Yes | I99: Yes | J99: Yes | K99: Yes | L99: Yes | M99: Yes | N99: Yes | O99: Yes | P99: Yes | Q99: Yes | R99: Yes | S99: Yes | T99: Yes | U99: Yes | V99: Yes | W99: Yes | X99: Yes | Y99: Yes | Z99: Yes | AA99: Yes | AB99: Yes | AC99: Yes | AD99: Yes | AE99: Yes | AF99: Yes | AG99: Yes | AH99: Yes | AI99: Yes | AJ99: Yes | AK99: Yes | AL99: Yes | AM99: Yes | AN99: Yes | AO99: Yes | AP99: Yes | AQ99: Yes | AR99: Yes | AS99: Yes | AT99: Yes | AU99: Yes | AV99: Yes | AW99: Yes | AX99: Yes | AY99: Yes | AZ99: Yes | BA99: Yes | BB99: Yes | BC99: Yes | BE99: South Peninsula | BF99: Stellenbosch/Helderberg
A100: 251fec0c-6c37-4ab6-b131-c61d64b2c11d | B100: 45950 | C100: Stellenbosch/Helderberg | D100: 1 extra as a firefighter | E100: Firefighter, CL, Driver, Planning, Logistical Support, | F100: Yes | G100: Yes | H100: Yes | I100: Yes | J100: No | K100: No | L100: No | M100: No | N100: No | O100: No | P100: No | Q100: No | R100: No | S100: No | T100: No | U100: No | V100: No | W100: No | X100: No | Y100: No | Z100: No | AA100: No | AB100: No | AC100: No | AD100: No | AE100: No | AF100: Yes | AG100: Yes | AH100: Yes | AI100: Yes | AJ100: No | AK100: No | AL100: No | AM100: No | AN100: No | AO100: No | AP100: No | AQ100: No | AR100: No | AS100: No | AT100: No | AU100: No | AV100: No | AW100: No | AX100: No | AY100: No | AZ100: No | BA100: No | BB100: No | BC100: No | BD100: February 2026 - unsure for most of the month, will update necessary parties in the new year. March 2026 - unsure of university dates, so not committing. Will update in the new year. April 2026 - unsure of university dates, so not committing. Will update in the new year. | BE100: N/A | BF100: N/A
...

Sheet Control & Dispatch Availability
A1: Name | B1: Which of the following roles do you intend to qualify in? | C1: November dates [Wednesday, 26 November 2025 - Tuesday, 2 December 2025] | D1: December dates [Wednesday, 3 December 2025 - TTuesday, 9 December 2025] | E1: December dates [Wednesday, 10 December 2025 - Tuesday, 16 December 2025] | F1: December dates [Wednesday, 17 December 2025 - Tuesday, 23 December 2025] | G1: December dates [Wednesday, 24 December 2025 - Tuesday, 30 December 2025] | H1: December dates [Wednesday, 31 December 2025 - Tuesday, 6 January 2026] | I1: January dates [Wednesday, 7 January 2026 - Tuesday, 13 January 2026] | J1: January dates [Wednesday, 14 January 2026 - Tuesday, 20 January 2026] | K1: January dates [Wednesday, 21 January 2026 - Tuesday, 27 January 2026] | L1: January dates [Wednesday, 28 January 2026 - Tuesday, 3 February 2026] | M1: February dates [Wednesday, 4 February 2026 - Tuesday, 10 February 2026] | N1: February dates [Wednesday, 11 February 2026 - Tuesday, 17 February 2026] | O1: February dates [Wednesday, 18 February 2026 - Tuesday, 24 February 2026] | P1: February dates [Wednesday, 25 February 2026 - Tuesday, 3 March 2026] | Q1: March dates [Wednesday, 4 March 2026 - Tuesday, 10 March 2026] | R1: March dates [Wednesday, 11 March 2026 - Tuesday, 17 March 2026] | S1: March dates [Wednesday, 18 March 2026 - Tuesday, 24 March 2026] | T1: March dates [Wednesday, 25 March 2026 - Tuesday, 31 March 2026] | U1: April dates [Wednesday, 1 April 2026 - Tuesday, 7 April 2026] | V1: April dates [Wednesday, 8 April 2026 - Tuesday, 14 April 2026] | W1: April dates [Wednesday, 15 April 2026 - Tuesday, 21 April 2026] | X1: April dates [Wednesday, 22 April 2026 - Tuesday, 28 April 2026] | Y1: Do you also intend to qualify in any other roles? | Z1: November Dates [28 November - 30 November] | AA1: December Dates [5 December - 7 December] | AB1: December Dates [12 December - 14 December] | AC1: December Dates [19 December - 21 December] | AD1: December Dates [26 December - 28 December] | AE1: January Dates [2 January - 4 January] | AF1: January Dates [9 January - 11 January] | AG1: January Dates [16 January - 18 January] | AH1: January Dates [23 January - 25 January] | AI1: January Dates [30 January - 1 February] | AJ1: February Dates [6 February - 8 February] | AK1: February Dates [13 February - 15 February] | AL1: February Dates [20 February - 22 February] | AM1: February Dates [27 February - 1 March] | AN1: March Dates [6 March - 8 March] | AO1: March Dates [13 March - 15 March] | AP1: March Dates [20 March - 22 March] | AQ1: March Dates [27 March - 29 March] | AR1: April Dates [3 April - 5 April] | AS1: April Dates [10 April - 12 April] | AT1: April Dates [17 April - 19 April] | AU1: April Dates [24 April - 26 April] | AV1: Any other notes?
A2: d92c8113-b01c-48e3-a153-cac68ee5c991 | B2: JR Dispatch Role | Z2: No | AA2: No | AB2: Yes | AC2: No | AD2: No | AE2: No | AF2: Yes | AG2: No | AH2: No | AI2: No | AJ2: No | AK2: No | AL2: No | AM2: No | AN2: No | AO2: No | AP2: No | AQ2: No | AR2: No | AS2: Yes | AT2: No | AU2: No
A3: aab0739d-0066-441a-ba0e-d7b5933f42cb | B3: Control Role | C3: No | D3: No | E3: Yes | F3: Yes | G3: Yes | H3: Yes | I3: Yes | J3: Yes | K3: No | L3: No | M3: No | N3: No | O3: Yes | P3: Yes | Q3: Yes | R3: Yes | S3: Yes | T3: Yes | U3: No | V3: Yes | W3: Yes | X3: No | Y3: None
A4: 7c4a5ce9-d43e-42ed-94c5-bb35fbe1fbd8 | B4: Control Role | C4: No | D4: Yes | E4: Yes | F4: Yes | G4: Yes | H4: Yes | I4: Yes | J4: Yes | K4: Yes | L4: Yes | M4: Yes | N4: Yes | O4: Yes | P4: Yes | Q4: Yes | R4: Yes | S4: Yes | T4: Yes | U4: Yes | V4: Yes | W4: Yes | X4: Yes | Y4: None | AV4: Just thanks. That's all.
A5: 13ff5803-e9ed-4dfe-87ce-5ce9f2753aed | B5: SNR Dispatch Role | Z5: No | AA5: Yes | AB5: No | AC5: No | AD5: Yes | AE5: No | AF5: No | AG5: No | AH5: Yes | AI5: No | AJ5: No | AK5: No | AL5: No | AM5: Yes | AN5: No | AO5: No | AP5: No | AQ5: Yes | AR5: No | AS5: No | AT5: Yes | AU5: No
A6: 8b1b54f3-75db-403d-a065-edd4fb979460 | B6: SNR Dispatch Role | Z6: No | AA6: Yes | AB6: Yes | AC6: Yes | AD6: Yes | AE6: Yes | AF6: No | AG6: No | AH6: No | AI6: Yes | AJ6: Yes | AK6: Yes | AL6: No | AM6: Yes | AN6: No | AO6: No | AP6: No | AQ6: No | AR6: No | AS6: No | AT6: No | AU6: No
A7: 2fe8e74b-68c5-4836-8438-2ac96ca217ff | B7: Control Role | C7: No | D7: No | E7: No | F7: No | G7: Yes | H7: Yes | I7: Yes | J7: Yes | K7: Yesx | L7: Yes | M7: Yes | N7: Yesx | O7: Yes | P7: Yes | Q7: Yesx | R7: Yes | S7: Yes | T7: Yes | U7: Yesx | V7: Yes | W7: Yes | X7: Yes | Y7: Dispatcher | Z7: No | AA7: No | AB7: No | AC7: Yes | AD7: Yes | AE7: Yes | AF7: Yes | AG7: Yes | AH7: Yes | AI7: Yes | AJ7: Yes | AK7: Yes | AL7: Yes | AM7: Yes | AN7: Yes | AO7: Yes | AP7: Yes | AQ7: Yes | AR7: Yes | AS7: Yesx | AT7: Yes | AU7: Yes | AV7: Would prefer dispatch and control shifts not to overlap.
A8: 0d76fe11-5ab3-43d8-9867-61b880cd3e5a | B8: OPS Dispatch Role | Z8: No | AA8: Yes | AB8: Yes | AC8: Yes | AD8: No | AE8: Yes | AF8: Yes | AG8: Yes | AH8: Yes | AI8: Yes | AJ8: Yes | AK8: Yes | AL8: Yes | AM8: Yes | AN8: Yes | AO8: No | AP8: No | AQ8: No | AR8: Yes | AS8: No | AT8: Yes | AU8: Yes | AV8: I am currently seeking alternative employment, so my availability is likely to change.
A9: 6bb9dba1-6902-427d-a833-9620cef566aa | B9: Control Role | C9: No | D9: No | E9: No | F9: Yes | G9: Yes | H9: Yes | I9: Yes | J9: Yes | K9: Yes | L9: Yes | M9: No | N9: Yes | O9: Yes | P9: Yes | Q9: Yes | R9: Yes | S9: Yes | T9: No | U9: No | V9: No | W9: Yes | X9: No | Y9: None
A10: c55f9ab9-55a0-4288-b21d-1247242fab41 | B10: SNR Dispatch Role | Z10: No | AA10: Yes | AB10: Yes | AC10: Yes | AD10: No | AE10: No | AF10: Yes | AG10: Yes | AH10: Yes | AI10: Yes | AJ10: Yes | AK10: No | AL10: Yes | AM10: Yes | AN10: Yes | AO10: Yes | AP10: Yes | AQ10: Yes | AR10: Yes | AS10: Yes | AT10: Yes | AU10: Yes
A11: bc0ab80c-202f-48c6-9cdb-c8d9c7f62162 | B11: Control Role | C11: No | D11: No | E11: Yes | F11: No | G11: No | H11: Yes | I11: Yes | J11: Yes | K11: No | L11: No | M11: Yes | N11: No | O11: Yes | P11: Yes | Q11: No | R11: Yes | S11: Yes | T11: Yes | U11: Yes | V11: No | W11: Yes | X11: No | Y11: None
A12: b842684a-6aaf-4b23-a5f4-9633f9319785 | B12: JR Dispatch Role | Z12: No | AA12: No | AB12: No | AC12: Yes | AD12: No | AE12: No | AF12: Yes | AG12: Yes | AH12: Yes | AI12: Yes | AJ12: Yes | AK12: Yes | AL12: Yes | AM12: Yes | AN12: Yes | AO12: Yes | AP12: Yes | AQ12: Yes | AR12: Yes | AS12: Yes | AT12: Yes | AU12: Yes
A13: 15b5198e-f9a7-4e19-8204-9d569410e24f | B13: OPS Dispatch Role | Z13: No | AA13: No | AB13: Yes | AC13: Yes | AD13: No | AE13: No | AF13: Yes | AG13: Yes | AH13: Yes | AI13: Yes | AJ13: Yes | AK13: Yes | AL13: Yes | AM13: Yes | AN13: Yes | AO13: Yes | AP13: Yes | AQ13: No | AR13: No | AS13: Yes | AT13: Yes | AU13: Yes
A14: 0b463554-c421-423f-b357-8f8a26a96163 | B14: SNR Dispatch Role | Z14: No | AA14: No | AB14: No | AC14: Yes | AD14: Yes | AE14: No | AF14: Yes | AG14: Yes | AH14: Yes | AI14: Yes | AJ14: Yes | AK14: Yes | AL14: Yes | AM14: Yes | AN14: Yes | AO14: Yes | AP14: No | AQ14: No | AR14: No | AS14: Yes | AT14: No | AU14: No
A15: f39386d8-a1b1-4395-8a5d-9b2e9f4511ae | B15: SNR Dispatch Role | Z15: No | AA15: No | AB15: No | AC15: No | AD15: No | AE15: No | AF15: No | AG15: No | AH15: Yes | AI15: Yes | AJ15: No | AK15: No | AL15: Yes | AM15: No | AN15: Yes | AO15: Yes | AP15: Yes | AQ15: No | AR15: No | AS15: Yes | AT15: No | AU15: Yes
A16: d8e64b86-e762-49b0-8fcf-e4fa767cb1f0 | B16: Control Role | C16: No | D16: No | E16: No | F16: No | G16: Yes | H16: No | I16: No | J16: No | K16: Yes | L16: Yes | M16: Yes | N16: Yes | O16: Yes | P16: Yes | Q16: No | R16: Yes | S16: Yes | T16: Yes | U16: No | V16: Yes | W16: Yes | X16: Yes | Y16: None
A17: 99555346-6927-4ceb-818c-e7d53b722046 | B17: OPS Dispatch Role | Z17: No | AA17: Yes | AB17: Yes | AC17: No | AD17: Yes | AE17: Yes | AF17: No | AG17: No | AH17: Yes | AI17: No | AJ17: Yes | AK17: No | AL17: Yes | AM17: Yes | AN17: Yes | AO17: No | AP17: Yes | AQ17: No | AR17: Yes | AS17: No | AT17: Yes | AU17: No | AV17: Nope
A18: 790850d5-9599-4bd6-b7ca-43b7033e4c03 | B18: Control Role | C18: Yes | D18: Yes | E18: Yes | F18: No | G18: No | H18: No | I18: Yes | J18: Yes | K18: Yes | L18: Yes | M18: Yes | N18: Yes | O18: Yes | P18: Yes | Q18: Yes | R18: Yes | S18: Yes | T18: Yes | U18: Yes | V18: Yes | W18: Yes | X18: Yes | Y18: None
A19: 47ed41ca-7bfe-4638-b729-059cbfd3fcbf | B19: Control Role | D19: No | H19: Yes | L19: Yes | P19: Yes | X19: Yes
A20: 92061004-e601-453c-8cca-cc912862761e | B20: SNR Dispatch Role | Z20: No | AA20: No | AB20: No | AC20: No | AD20: No | AE20: No | AF20: Yes | AG20: Yes | AH20: No | AI20: No | AJ20: No | AK20: Yes | AL20: No | AM20: No | AN20: No | AO20: No | AP20: No | AQ20: Yes | AR20: No | AS20: Yes | AT20: No | AU20: No | AV20: This is the best I can do for now, with being on duty the whole weekend. I will be able to take over and cover for the day or a night, partially on other weekends, to give others a break.
A21: b0555970-08c9-46d1-b986-9f3044c0d01f | B21: OPS Dispatch Role,Control Primary | C21: Yes | D21: No | E21: No | F21: Yes | G21: Yes | H21: No | I21: Yes | J21: Yes | K21: Yes | L21: Yes | M21: Yesx | N21: Yes | O21: Yes | P21: Yes | Q21: Yes | R21: Yes | S21: No | T21: No | U21: No | V21: Yes | W21: No | X21: No | Z21: Yes | AA21: No | AB21: No | AC21: Yes | AD21: Yes | AE21: No | AF21: Yes | AG21: Yes | AH21: Yes | AI21: Yes | AJ21: Yes | AK21: Yes | AL21: Yes | AM21: Yes | AN21: Yes | AO21: Yes | AP21: No | AQ21: No | AR21: No | AS21: Yes | AT21: No | AU21: No | AV21: Would preffer is Control and Dispatch overlap
A22: 21d06740-0eed-4962-9d2e-b86722bf36d0 | B22: OPS Dispatch Role | Z22: No | AA22: No | AB22: No | AC22: No | AD22: No | AE22: No | AF22: No | AG22: Yes | AH22: No | AI22: Yes | AJ22: No | AK22: Yes | AL22: No | AM22: Yes | AN22: No | AO22: Yes | AP22: Yes | AQ22: Yes | AR22: No | AS22: Yes | AT22: No | AU22: Yes

Sheet VWS Roster
B1: VWS Standby Roster 2025 / 2026 | D1: Last updated | E1: Oranage indiactes tranee Crew Leaders | F1: 45959 | G1: If you can no longer make a standby duty assigned to you, you must find a qualified volunteer willing to SWAP. Swaps are like for like: e.g., CL for CL, ACL for ACL, FF for FF, Driver for Driver, NR for NR. Refer to the Qualifications tab to confirm. Notify your ops manager ASAP of the swap so the roster can be updated. Public Holidays and Special Standby duties are at the bottom of the sheet. | N1: Blue font indicates Truck drivers and assistant truck drivers | O1: Yellow shading: New Recruits | P1: Pink shading: Training drive required. Drivers with # are not yet signed off. | Q1: Red names require one or more evaluations
A3: # | B3: Date | C3: Time | D3: Base | E3: 1. Crew Leader | F3: 2. Assistant CL | G3: 3. Firefighter | H3: 4. Firefighter | I3: 5. Firefighter | J3: 6. Firefighter | K3: 7. Firefighter | L3: 8. Firefighter | M3: Crew Driver | N3: Skid Driver | O3: Planning | P3: Planning Trainee | Q3: Logistics Support | R3: Station/Crew | S3: Date
A4: 1 | B4: 45976 | C4: 12:45-18:00 | D4: NWL HC1 | R4: NWL HC | S4: 45976
D5: SPS HC | R5: SPS HC
D6: HDB HC/SU | R6: HDB HC
A7: 2 | B7: 45977 | C7: 12:45-18:00 | D7: NWL HC1 | R7: NWL HC | S7: 45977
A8: 3 | B8: 45983 | C8: 12:45-18:00 | D8: NWL HC1 | R8: NWL HC | S8: 45983
D9: NWL SU | R9: NWL SU
D10: SPS HC | R10: SPS HC
D11: STB HC | R11: STB HC
A12: 4 | B12: 45984 | C12: 12:45-18:00 | D12: NWL HC1 | R12: NWL HC | S12: 45984
D13: NWL SU | R13: NWL SU
A14: 5 | B14: 45990 | C14: 12:45-18:00 | D14: NWL HC1 | R14: NWL HC1 | S14: 45990
D15: NWL HC2 | R15: NWL HC2
D16: SPS HC | R16: SPS HC
D17: HDB HC/SU | R17: HDB HC
A18: 6 | B18: 45991 | C18: 12:45-18:00 | D18: NWL HC1 | R18: NWL HC | S18: 45991
D19: NWL SU | R19: NWL SU
A20: 7 | B20: 45997 | C20: 12:45-18:00 | D20: NWL HC1 | R20: NWL HC1 | S20: 45997
D21: NWL HC2 | R21: NWL HC2
D22: SPS HC | R22: SPS HC
D23: STB HC | R23: STB HC
A24: 8 | B24: 45998 | C24: 12:45-18:00 | D24: NWL HC1 | R24: NWL HC1 | S24: 45998
D25: NWL HC2 | R25: NWL HC2
A26: 9 | B26: 46004 | C26: 12:45-18:00 | D26: NWL HC1 | R26: NWL HC | S26: 46004
D27: NWL SU | R27: NWL SU
D28: SPS HC | R28: SPS HC
D29: HDB HC/SU | R29: HDB HC
A30: 10 | B30: 46005 | C30: 12:45-18:00 | D30: NWL HC1 | R30: NWL HC | S30: 46005
D31: NWL SU | R31: NWL SU
A32: 11 | B32: 46011 | C32: 12:45-18:00 | D32: NWL HC1 | R32: NWL HC | S32: 46011
D33: NWL SU | R33: NWL SU
D34: SPS HC | R34: SPS HC
D35: STB HC | R35: STB HC
A36: 12 | B36: 46012 | C36: 12:45-18:00 | D36: NWL HC1 | R36: NWL HC | S36: 46012
D37: NWL SU | R37: NWL SU
A38: 13 | B38: 46018 | C38: 12:45-18:00 | D38: NWL HC1 | R38: NWL HC1 | S38: 46018
D39: NWL HC2 | R39: NWL HC2
D40: SPS HC | R40: SPS HC
D41: HDB HC/SU | R41: HDB HC
A42: 14 | B42: 46019 | C42: 12:45-18:00 | D42: NWL HC1 | R42: NWL HC | S42: 46019
D43: NWL SU | R43: NWL SU
A44: 15 | B44: 46025 | C44: 10:00-18:00 | D44: Helitack STB | R44: Helitack STB | S44: 46025
C45: 12:45-19:00 | D45: NWL HC1 | R45: NWL HC1
D46: NWL HC2 | R46: NWL HC2
D47: SPS HC | R47: SPS HC
D48: STB HC | R48: STB HC
A49: 16 | B49: 46026 | C49: 10:00-18:00 | D49: Helitack STB | R49: Helitack STB | S49: 46026
C50: 12:45-19:00 | D50: NWL HC1 | R50: NWL HC
D51: NWL SU | R51: NWL SU
A52: 17 | B52: 46032 | C52: 10:00-18:00 | D52: Helitack STB | R52: Helitack STB | S52: 46032
C53: 12:45-19:00 | D53: NWL HC1 | R53: NWL HC1
D54: NWL HC2 | R54: NWL HC2
D55: SPS HC | R55: SPS HC
D56: HDB HC/SU | R56: HDB HC
A57: 18 | B57: 46033 | C57: 10:00-18:00 | D57: Helitack STB | R57: Helitack STB | S57: 46033
C58: 12:45-19:00 | D58: NWL HC1 | R58: NWL HC
D59: NWL SU | R59: NWL SU
A60: 19 | B60: 46039 | C60: 10:00-18:00 | D60: Helitack STB | R60: Helitack STB | S60: 46039
C61: 12:45-19:00 | D61: NWL HC1 | R61: NWL HC1
D62: NWL HC2 | R62: NWL HC2
D63: SPS HC | R63: SPS HC
D64: STB HC | R64: STB HC
A65: 20 | B65: 46040 | C65: 10:00-18:00 | D65: Helitack STB | R65: Helitack STB | S65: 46040
C66: 12:45-19:00 | D66: NWL HC1 | R66: NWL HC
D67: NWL SU | R67: NWL SU
A68: 21 | B68: 46046 | C68: 10:00-18:00 | D68: Helitack STB | R68: Helitack STB | S68: 46046
C69: 12:45-19:00 | D69: NWL HC1 | R69: NWL HC1
D70: NWL HC2 | R70: NWL HC2
D71: SPS HC | R71: SPS HC
D72: HDB HC/SU | R72: HDB HC
A73: 22 | B73: 46047 | C73: 10:00-18:00 | D73: Helitack STB | R73: Helitack STB | S73: 46047
C74: 12:45-19:00 | D74: NWL HC1 | R74: NWL HC
D75: NWL SU | R75: NWL SU
A76: 23 | B76: 46053 | C76: 10:00-18:00 | D76: Helitack STB | R76: Helitack STB | S76: 46053
C77: 12:45-19:00 | D77: NWL HC1 | R77: NWL HC1
D78: NWL HC2 | R78: NWL HC2
D79: SPS BP | R79: SPS BP
D81: STB HC | R81: STB HC
A82: 24 | B82: 46054 | C82: 10:00-18:00 | D82: Helitack STB | R82: Helitack STB | S82: 46054
C83: 12:45-19:00 | D83: NWL HC1 | R83: NWL HC
D84: NWL SU | R84: NWL SU
A85: 25 | B85: 46060 | C85: 10:00-18:00 | D85: Helitack STB | R85: Helitack STB | S85: 46060
C86: 12:45-19:00 | D86: NWL HC1 | R86: NWL HC1
D87: NWL HC2 | R87: NWL HC2
D88: SPS BP | R88: SPS BP
D90: HDB HC/SU | R90: HDB HC
A91: 26 | B91: 46061 | C91: 10:00-18:00 | D91: Helitack STB | R91: Helitack STB | S91: 46061
C92: 12:45-19:00 | D92: NWL HC1 | R92: NWL HC
D93: NWL SU | R93: NWL SU
A94: 27 | B94: 46067 | C94: 10:00-18:00 | D94: Helitack STB | R94: Helitack STB | S94: 46067
C95: 12:45-19:00 | D95: NWL HC1 | R95: NWL HC1
D96: NWL HC2 | R96: NWL HC2
D97: SPS BP | R97: SPS BP
D99: STB HC | R99: STB HC
A100: 28 | B100: 46068 | C100: 10:00-18:00 | D100: Helitack STB | R100: Helitack STB | S100: 46068
C101: 12:45-19:00 | D101: NWL HC1 | R101: NWL HC
D102: NWL SU | R102: NWL SU
A103: 29 | B103: 46074 | C103: 10:00-18:00 | D103: Helitack STB | R103: Helitack STB | S103: 46074
C104: 12:45-19:00 | D104: NWL HC1 | R104: NWL HC1
...

Sheet Control Roster
B1: VWS Newlands Control Duty Roster 2025 / 2026
A2: # | B2: Week Starting | C2: Ending | D2: Control
A3: C1 | B3: 45994 | C3: =B3+6 -> 46000
A4: C2 | B4: =B3+7 -> 46001 | C4: =B4+6 -> 46007
A5: C3 | B5: =B4+7 -> 46008 | C5: =B5+6 -> 46014
A6: C4 | B6: =B5+7 -> 46015 | C6: =B6+6 -> 46021
A7: C5 | B7: =B6+7 -> 46022 | C7: =B7+6 -> 46028
A8: C6 | B8: =B7+7 -> 46029 | C8: =B8+6 -> 46035
A9: C7 | B9: =B8+7 -> 46036 | C9: =B9+6 -> 46042
A10: C8 | B10: =B9+7 -> 46043 | C10: =B10+6 -> 46049
A11: C9 | B11: =B10+7 -> 46050 | C11: =B11+6 -> 46056
A12: C10 | B12: =B11+7 -> 46057 | C12: =B12+6 -> 46063
A13: C11 | B13: =B12+7 -> 46064 | C13: =B13+6 -> 46070
A14: C12 | B14: =B13+7 -> 46071 | C14: =B14+6 -> 46077
A15: C13 | B15: =B14+7 -> 46078 | C15: =B15+6 -> 46084
... A23: C21 | B23: =B22+7 -> 46134 | C23: =B23+6 -> 46140

Sheet Dispatch Roster
A1: VWS DISPATCH Duty Roster 2025 / 2026 | B1: Post swaps on the Dispatch Team WhatsApp group for approval
A2: Week Starting | B2: Ending | C2: Dispatch Manager | D2: Dispatcher | E2: Trainee Dispatcher
A3: Week Starting | B3: Ending | C3: Dispatch Manager | D3: Dispatcher | E3: Trainee Dispatcher
A4: 45989 | B4: =A4+2 -> 45991
A5: =A4+7 -> 45996 | B5: =A5+2 -> 45998
A6: =A5+7 -> 46003 | B6: =A6+2 -> 46005
A7: =A6+7 -> 46010 | B7: =A7+2 -> 46012
A8: =A7+7 -> 46017 | B8: =A8+2 -> 46019
A9: =A8+7 -> 46024 | B9: =A9+2 -> 46026
A10: =A9+7 -> 46031 | B10: =A10+2 -> 46033
A11: =A10+7 -> 46038 | B11: =A11+2 -> 46040
A12: =A11+7 -> 46045 | B12: =A12+2 -> 46047
A13: =A12+7 -> 46052 | B13: =A13+2 -> 46054
A14: =A13+7 -> 46059 | B14: =A14+2 -> 46061
A15: =A14+7 -> 46066 | B15: =A15+2 -> 46068
A16: =A15+7 -> 46073 | B16: =A16+2 -> 46075
... A25: =A24+7 -> 46136 | B25: =A25+2 -> 46138

Sheet Helitack
A1: Name and Surname | B1: Role | C1: Station
A2: 48ce16c1-a830-40f8-a3fd-2f773f62c0e4 | B2: CL | C2: NWL
A3: 609e664c-15ee-4afe-b2a1-187435d0de90 | B3: CL | C3: NWL
A4: 473d1a1c-13f8-4e67-b901-ab6e8d84b298 | B4: CL | C4: SPS
A5: 522ce146-bd45-4e51-8bc2-17541f1e4a50 | B5: CL | C5: SPS
A6: 837e6dc1-a0cc-42dc-add0-e43ee86aff21 | B6: CL | C6: NWL
A7: 7be5c85c-6197-43e9-80dd-ad3d990b6fe6 | B7: CL | C7: NWL
A8: 21d06740-0eed-4962-9d2e-b86722bf36d0 | B8: CL | C8: SPS
A9: 9c525960-6b87-497e-85cd-7fd81d31bbfb | B9: ACL | C9: NWL
A10: 9adccede-8dc2-4a5f-b5fd-5edc989b7da6 | B10: ACL | C10: NWL
A11: f777d2a5-7066-4db0-a878-aaed32df72bb | B11: ACL | C11: SPS
A12: 9793fef7-c054-4ec2-83fd-06596ab60780 | B12: ACL | C12: NWL
... A35: 418cff4b-295b-43c1-81fb-d109a37c5c99 | B35: FF2YR | C35: NWL

Sheet Quals
A1: Name | B1: Home | C1: Qu | D1: Ops | E1: CL | F1: ACL | G1: FF | H1: DRV | I1: SDrv | J1: TDrv | K1: Plan | L1: Disp | M1: LS | N1: NR | O1: Unfit | P1: Comments
A2: 013abc1a-3775-402c-9d8b-d4582957136a | B2: STB | C2: Q | G2: FF
A3: 0230e24f-2ddd-4f7c-bc20-12df8000da70 | B3: NWL | K3: Plan (trainee) | N3: Y
A4: 02372358-f49e-47ba-96dc-869f295bf76e | B4: NWL | C4: Q | F4: ACL | G4: FF | K4: Plan (trainee)
A5: 028ef489-2a33-43c6-9d30-c9902ff2f06f | B5: NWL | C5: Q | G5: FF | N5: Y
A6: 02f22d58-165c-40b5-85ec-6db5c37d3a07 | B6: STB | C6: Q | G6: FF | N6: Y
A7: 03623462-87e9-4ea1-a75b-ab298fd03ebc | B7: NWL | C7: Q | G7: FF | H7: Drv | M7: LS
A8: 04c0b819-4154-4a86-a0c2-726c404408a2 | B8: NWL | C8: Q | G8: FF | M8: LS (inactive)
A9: 07f70f6e-3c74-449d-bd5a-aeb7ae8cd1a6 | B9: HDB | C9: Q | G9: FF | H9: Drv | I9: S Drv (trainee) | N9: Y
A10: 083a3bfc-e606-4d77-95f4-60fa82956233 | B10: NWL | M10: LS
A11: 08c7d967-5f5a-400d-bcdd-8286f0669e59 | B11: SPS | M11: LS
A12: 09a3ea12-6309-41fb-90f2-6f190601a25b | B12: NWL/STB | C12: Q | G12: FF
A13: 0a03a20f-58a0-4ea7-8a18-ee53363bd69e | B13: STB | C13: Q | D13: STLD | E13: CL | F13: ACL | G13: FF
A14: 0a12a9da-1985-4a29-a8b1-9eea5bf81acd | B14: NWL | C14: Q | G14: FF
A15: 0a928a88-2c09-4827-9fbb-4943318f0814 | B15: NWL | C15: Q | E15: CL | F15: ACL | G15: FF | H15: Drv | I15: S Drv
A16: 0b384f7a-e454-447f-b18a-020a9f9e9635 | B16: NWL | C16: Q | G16: FF | H16: Drv (trainee)
A17: 0b396ecd-f02a-41ed-bf0d-ef87ef177e09 | B17: SPS | G17: FF (inactive) | O17: Unfit | P17: back op
A18: 0b463554-c421-423f-b357-8f8a26a96163 | B18: NWL | C18: Q | G18: FF | H18: Drv (inactive) | I18: S Drv (inactive) | L18: Disp
A19: 0b72e418-d733-4834-a178-f3f84be71698 | B19: NWL | C19: Q | G19: FF | P19: No Role Update '25
A20: 0bbe59b3-49e2-499e-99b3-63721c98b235 | B20: NWL | C20: Q | G20: FF | N20: Y
A21: 0bce89a0-fd2b-47b2-a592-d65e15739ead | B21: SPS | C21: Q | F21: ACL | G21: FF
A22: 0cb1b1fb-7b0d-432f-935a-6bf7f42e7e0f | B22: NWL | K22: Plan (trainee)
A23: 0cdb4bb1-a12c-4b11-87a1-69d48588e7d3 | B23: SPS | C23: Q | G23: FF | N23: Y
A24: 0d76fe11-5ab3-43d8-9867-61b880cd3e5a | B24: NWL | C24: Q | D24: ICT5 | E24: CL (inactive) | G24: FF (inactive) | H24: Drv | L24: Disp (mgr)
A25: 0ed3f298-8e1b-4aab-aa20-26f52fcc3df9 | B25: NWL | C25: Q | G25: FF | N25: Y
A26: 0f0b573c-df94-45bf-9336-01a7a37cef83 | B26: NWL | C26: Q | G26: FF | H26: Drv (trainee)
A27: 0fb1540e-685c-4125-a9c7-c6c5adb2ad5d | B27: HDB | C27: Q | G27: FF
A28: 103935c7-1360-485c-9767-ce4be9b19ea0 | B28: NWL | C28: Q | F28: ACL | G28: FF
A29: 10804e44-fc06-4d65-8115-05da4966a5b4 | B29: SPS | C29: Q | G29: FF
A30: 10ac1613-9172-42eb-a4af-d8c8dcc36910 | B30: NWL | G30: FF (inactive) | P30: Injury 10/25
A31: 10e886d3-5e96-4407-8957-be031052b72a | B31: HDB | C31: Q | G31: FF | H31: Drv | I31: S Drv
A32: 12f832cc-5871-45a3-9fdc-18c74f71e5b2 | B32: SPS | C32: Q | H32: Drv | I32: S Drv (trainee) | N32: Y
A33: 13a93f32-7296-4db6-9072-42c8ae1100fa | B33: NWL | C33: Q | F33: ACL | G33: FF | P33: Mentored by eeb7b005-5b73-4491-8192-3162de381b32, pair when ever possible
A34: 13ff5803-e9ed-4dfe-87ce-5ce9f2753aed | B34: SPS | L34: Disp
A35: 14941c3e-7d83-4b92-aa58-537837bcd938 | B35: STB | C35: Q | H35: Drv | I35: S Drv
A36: 154c6da7-561a-4464-845b-ae0e52455e0e | B36: SPS | C36: Q | G36: FF | N36: Y
A37: 15871ddb-8931-4660-8e70-9d4c6b5f67d2 | B37: NWL | C37: Q | G37: FF (inactive) | H37: Drv
A38: 15b5198e-f9a7-4e19-8204-9d569410e24f | B38: HDB | L38: Disp (mgr)
A39: 1609c509-2b1f-43d0-8a67-475a2ebf8fe3 | B39: SPS | C39: Q | G39: FF | N39: Y
A40: 1697e9d6-ae4b-4abd-9692-65bc324eb726 | B40: NWL | C40: Q | G40: FF | H40: Drv (trainee)
A41: 16c3ef53-d83e-4a8e-bc45-4a010a89bdc4 | B41: SPS | C41: Q | G41: FF
A42: 16dcc952-ab7c-45cc-916a-4c1cc364e34c | B42: NWL | C42: Q | G42: FF | N42: Y
A43: 16ef6a47-9fe1-43ea-87f5-663edf2267af | B43: NWL | P43: Events only
A44: 1728d1fd-fe5e-426d-9c0d-008352176a3d | B44: NWL | C44: Q | G44: FF | H44: Drv (trainee) | K44: Plan (trainee) | N44: Y
A45: 193ae22e-bea7-43e6-a44b-a99456e0e016 | B45: NWL | C45: Q | G45: FF | N45: Y
A46: 1a2d9bdc-7c4f-404d-9df3-d79d7d25ab99 | B46: NWL | C46: Q | G46: FF | P46: No Role Update '25
A47: 1b2f80e6-2284-465b-ada2-df8ef1dbceae | B47: NWL | C47: Q | G47: FF (inactive) | H47: Drv | I47: S Drv | P47: Concession Required
A48: 1c30300d-8d81-46e3-bb4a-43d3cc3a55e2 | B48: NWL | C48: Q | D48: DIVS + ICT5 | E48: CL | F48: ACL | G48: FF | H48: Drv | I48: S Drv
A49: 1de2d75f-1695-4d15-b960-2c4f731f5d1d | B49: HDB | C49: Q | H49: Drv | N49: Y
A50: 1ed18728-f60a-4524-ac43-7a58b69a99f1 | B50: HDB | C50: Q | G50: FF | H50: Drv
A51: 21c1fa65-cdc0-4d94-b471-29c5a96a940c | B51: SPS | C51: Q | F51: ACL | G51: FF | H51: Drv
A52: 21d06740-0eed-4962-9d2e-b86722bf36d0 | B52: SPS | C52: Q | E52: CL | F52: ACL | G52: FF | H52: Drv (inactive) | I52: S Drv (inactive) | J52: T Drv (inactive)
A53: 22094982-6371-4f93-a578-0ca91ddbe579 | B53: NWL | C53: Q | G53: FF | N53: Y
A54: 229a04bd-576d-4025-b078-efc356421af6 | B54: NWL | C54: Q | G54: FF
A55: 243157b9-cf6c-4327-987d-8f9404b3a1fb | B55: SPS | C55: Q | G55: FF
A56: 251fec0c-6c37-4ab6-b131-c61d64b2c11d | B56: STB | C56: Q | G56: FF | N56: Y
A57: 258ecd94-5bd9-42ca-910c-80527f0184ee | B57: HDB | C57: Q | G57: FF | N57: Y
A58: 259de336-b352-422e-98bf-0227b153d7d2 | B58: SPS | H58: Drv (LR only trainee) | K58: Plan Member | M58: LS
A59: 2644e420-6fa8-484f-bd58-1f05104677e8 | B59: STB | C59: Q | E59: CL | F59: ACL | G59: FF
A60: 26bbd749-4478-45e8-a383-edf86de79328 | B60: NWL | C60: Q | H60: Drv | I60: S Drv (inactive)
A61: 2763c169-e3f3-478f-8616-4d072900b205 | B61: NWL | M61: LS
A62: 284697b6-3588-4e91-b2c9-5fb96e635123 | B62: NWL | C62: Q | G62: FF | N62: Y
A63: 2b4b032a-e2b6-48a5-a8a8-190822311a7b | B63: STB | C63: Q | G63: FF
A64: 2bd53938-e17e-4f7d-9c8c-2829867ff6c1 | B64: STB | C64: Q | G64: FF | N64: Y
A65: 2bebe3cd-6a80-4c83-9ec9-1d855da40425 | B65: NWL/STB | C65: Q | F65: ACL | G65: FF | P65: Do not deploy with ed497030-08b7-47f5-87b3-b7708ab93256
A66: 2d2cbd29-47f2-47e8-b249-4b7bed29f872 | B66: STB | C66: Q | G66: FF | M66: LS
A67: 2ddabd7f-e47e-44bc-8b7b-9233da4d44a2 | B67: SPS | C67: Q | G67: FF
A68: 2fc3d489-9cf3-4130-9ace-d3df9519b706 | B68: NWL | C68: Q | G68: FF | N68: Y
A69: 2fe8e74b-68c5-4836-8438-2ac96ca217ff | B69: NWL | G69: FF (inactive) | H69: Drv (inactive) | K69: Plan M & Ctrl | L69: Disp | M69: LS (inactive)
A70: 312ddb36-2bff-4427-ab5b-8e6e045e4650 | B70: SPS | C70: Q | G70: FF | N70: Y
A71: 31512974-2c3d-45f1-8e38-d022a12280cc | B71: NWL | C71: Q | E71: CL | F71: ACL | G71: FF | H71: Drv (trainee)
A72: 31b12ed7-1fa5-4e55-9f1c-6ba7164a9f74 | B72: SPS | G72: FF (inactive) | H72: Drv (inactive) | I72: S Drv (inactive) | L72: Disp (inactive)
A73: 35a4aedf-191d-4208-8724-4adb5a4172fd | B73: NWL | C73: Q | E73: CL | F73: ACL | G73: FF | H73: Drv | I73: S Drv (inactive) | K73: Plan (inactive)
A74: 363ca175-a31d-4353-97dc-879dc611455c | B74: SPS | C74: Q | G74: FF (inactive) | H74: Drv | I74: S Drv | J74: T Drv
A75: 378ce48b-5c37-4a89-b796-316ec088cd7e | B75: HDB | C75: Q | E75: CL | F75: ACL | G75: FF
A76: 3875c6a1-32bf-43d1-9537-8c81aaa1a0e7 | B76: NWL | C76: Q | G76: FF | N76: Y
A77: 38f598cc-047f-4b44-acf6-0ff0a0f66aa8 | B77: SPS | G77: FF (inactive) | P77: Members Details Outstanding
A78: 3996ff49-498a-4859-a294-a373be8de6ba | B78: SPS | C78: Q | H78: Drv (LR only) | N78: Y
A79: 3a807d0e-bedc-4c28-87c4-ebf40d389afd | B79: NWL | C79: Q | G79: FF
A80: 3b00dc65-9b96-4af4-907d-d16d5695c2fd | B80: NWL | C80: Q | G80: FF (inactive) | H80: Drv | I80: S Drv
A81: 3cec1a4c-13ee-40c3-86d2-9c855aab94fe | B81: SPS | C81: Q | G81: FF | H81: Drv (trainee)
A82: 3d44b69f-7020-4fbe-bbe4-59a1469ac3fd | B82: STB | C82: Q | G82: FF | N82: Y
A83: 3e3abb7f-95d1-4eef-8c07-c71c99146d2e | B83: STB | C83: Q | G83: FF
A84: 3e65b11b-e7bb-4f38-bde3-eec32997e471 | B84: HDB | C84: Q | G84: FF | N84: Y
A85: 3e69de46-1f4f-4bf8-bcb4-3bd77a9cf040 | B85: STB | C85: Q | G85: FF
A86: 3ed02464-4cc2-4e1b-af22-0049154b7aea | B86: NWL | C86: Q | G86: FF
A87: 410b92f6-df2b-4f29-8dc1-59b753e4813d | B87: NWL | C87: Q | G87: FF | K87: Plan (trainee)
A88: 418cff4b-295b-43c1-81fb-d109a37c5c99 | B88: NWL | C88: Q | G88: FF
A89: 419f379d-fe7a-4148-a6ed-70cff7f37e1e | B89: SPS | C89: Q | G89: FF
A90: 43da38a6-f3bb-42f0-aee7-a37e472148be | B90: HDB | C90: Q | G90: FF | H90: Drv | I90: S Drv (trainee) | P90: Not qualified for Landy
A91: 4400b262-27d0-429f-b5c8-8e43b330cc4c | B91: NWL | C91: Q | G91: FF | H91: Drv | J91: T Drv | P91: Do not place on a crew with 473d1a1c-13f8-4e67-b901-ab6e8d84b298
A92: 444c166e-48dc-4778-bb41-3f5b8a2fa40e | B92: NWL | G92: FF (inactive) | K92: Plan (trainee) | M92: LS
A93: 4543c3e9-8b50-4b43-beba-031c9d54fc3e | B93: NWL | C93: Q | G93: FF
A94: 46ee8df1-1215-425f-b0fd-dac4f539cb26 | B94: NWL | C94: Q | E94: CL (inactive) | G94: FF (inactive) | H94: Drv (inactive) | I94: S Drv (inactive) | K94: Plan Leader | M94: LS (inactive)
A95: 473666e5-0989-4b8e-9ae7-556721faaacf | B95: NWL | G95: FF
A96: 473d1a1c-13f8-4e67-b901-ab6e8d84b298 | B96: SPS | C96: Q | E96: CL | F96: ACL | G96: FF | H96: Drv | I96: S Drv | J96: T Drv
A97: 47c2acdb-7aa1-4f5f-a98f-536eb7a4b1a4 | B97: NWL
A98: 47ed41ca-7bfe-4638-b729-059cbfd3fcbf | B98: NWL | K98: Ctrl | P98: Control only. Needs updated member details
A99: 485a963b-d041-4535-ab53-090c46c12b0a | B99: HDB | C99: Q | F99: ACL | G99: FF | H99: Drv | I99: S Drv
A100: 48ce16c1-a830-40f8-a3fd-2f773f62c0e4 | B100: NWL | C100: Q | D100: DIVS | E100: CL | F100: ACL | G100: FF | H100: Drv | I100: S Drv (inactive) | K100: Plan Leader
...

Sheet Qualifications_Clean
A1: Member ID | B1: Role | C1: Qualified | D1: Trainee | E1: Senior | F1: Notes | G1: Status
A2: {=_xlfn._xlws.FILTER(Quals!$A$2:$A$332,Quals!$E$2:$E$332="CL","")} -> 0a03a20f-58a0-4ea7-8a18-ee53363bd69e | B2: {=IF(_xlfn.ANCHORARRAY(A2)<>"","CL","")} -> CL | C2: {=IF(_xlfn.ANCHORARRAY(A2)<>"",1,"")} -> 1 | D2: {=IF(_xlfn.ANCHORARRAY(A2)<>"",0,"")} -> 0 | E2: {=IF(_xlfn.ANCHORARRAY(A2)<>"",1,"")} -> 1 | F2: ="" | G2: {=IF(_xlfn.ANCHORARRAY(A2)<>"","active","")} -> active
A3: 0a928a88-2c09-4827-9fbb-4943318f0814 | B3: CL | C3: 1 | D3: 0 | E3: 1 | G3: active
A4: 1c30300d-8d81-46e3-bb4a-43d3cc3a55e2 | B4: CL | C4: 1 | D4: 0 | E4: 1 | G4: active
A5: 21d06740-0eed-4962-9d2e-b86722bf36d0 | B5: CL | C5: 1 | D5: 0 | E5: 1 | G5: active
A6: 2644e420-6fa8-484f-bd58-1f05104677e8 | B6: CL | C6: 1 | D6: 0 | E6: 1 | G6: active
A7: 31512974-2c3d-45f1-8e38-d022a12280cc | B7: CL | C7: 1 | D7: 0 | E7: 1 | G7: active
A8: 35a4aedf-191d-4208-8724-4adb5a4172fd | B8: CL | C8: 1 | D8: 0 | E8: 1 | G8: active
A9: 378ce48b-5c37-4a89-b796-316ec088cd7e | B9: CL | C9: 1 | D9: 0 | E9: 1 | G9: active
A10: 473d1a1c-13f8-4e67-b901-ab6e8d84b298 | B10: CL | C10: 1 | D10: 0 | E10: 1 | G10: active
A11: 48ce16c1-a830-40f8-a3fd-2f773f62c0e4 | B11: CL | C11: 1 | D11: 0 | E11: 1 | G11: active
A12: 4faa654f-edb7-4e0c-83c1-5e877f91f026 | B12: CL | C12: 1 | D12: 0 | E12: 1 | G12: active
A13: 522ce146-bd45-4e51-8bc2-17541f1e4a50 | B13: CL | C13: 1 | D13: 0 | E13: 1 | G13: active
A14: 55206ea7-a827-4544-b37f-91b4701b65a3 | B14: CL | C14: 1 | D14: 0 | E14: 1 | G14: active
... A38: ffbc20e9-c35d-43ca-a055-721a8dacb0d6 | B38: CL | C38: 1 | D38: 0 | E38: 1 | G38: active
A39: {=_xlfn._xlws.FILTER(Quals!$A$2:$A$332,Quals!$F$2:$F$332="ACL","")} -> 02372358-f49e-47ba-96dc-869f295bf76e | B39: {=IF(_xlfn.ANCHORARRAY(A39)<>"","ACL","")} -> ACL | C39: {=IF(_xlfn.ANCHORARRAY(A39)<>"",1,"")} -> 1 | D39: {=IF(_xlfn.ANCHORARRAY(A39)<>"",0,"")} -> 0 | E39: {=IF(_xlfn.ANCHORARRAY(A39)<>"",1,"")} -> 1 | G39: {=IF(_xlfn.ANCHORARRAY(A39)<>"","active","")} -> active
A40: 0a03a20f-58a0-4ea7-8a18-ee53363bd69e | B40: ACL | C40: 1 | D40: 0 | E40: 1 | G40: active
A41: 0a928a88-2c09-4827-9fbb-4943318f0814 | B41: ACL | C41: 1 | D41: 0 | E41: 1 | G41: active
A42: 0bce89a0-fd2b-47b2-a592-d65e15739ead | B42: ACL | C42: 1 | D42: 0 | E42: 1 | G42: active
A43: 103935c7-1360-485c-9767-ce4be9b19ea0 | B43: ACL | C43: 1 | D43: 0 | E43: 1 | G43: active
A44: 13a93f32-7296-4db6-9072-42c8ae1100fa | B44: ACL | C44: 1 | D44: 0 | E44: 1 | G44: active
A45: 1c30300d-8d81-46e3-bb4a-43d3cc3a55e2 | B45: ACL | C45: 1 | D45: 0 | E45: 1 | G45: active
A46: 21c1fa65-cdc0-4d94-b471-29c5a96a940c | B46: ACL | C46: 1 | D46: 0 | E46: 1 | G46: active
A47: 21d06740-0eed-4962-9d2e-b86722bf36d0 | B47: ACL | C47: 1 | D47: 0 | E47: 1 | G47: active
A48: 2644e420-6fa8-484f-bd58-1f05104677e8 | B48: ACL | C48: 1 | D48: 0 | E48: 1 | G48: active
A49: 2bebe3cd-6a80-4c83-9ec9-1d855da40425 | B49: ACL | C49: 1 | D49: 0 | E49: 1 | G49: active
A50: 31512974-2c3d-45f1-8e38-d022a12280cc | B50: ACL | C50: 1 | D50: 0 | E50: 1 | G50: active
A51: 35a4aedf-191d-4208-8724-4adb5a4172fd | B51: ACL | C51: 1 | D51: 0 | E51: 1 | G51: active
... A109: ffbc20e9-c35d-43ca-a055-721a8dacb0d6 | B109: ACL | C109: 1 | D109: 0 | E109: 1 | G109: active
A110: {=_xlfn._xlws.FILTER(Quals!$A$2:$A$332,Quals!$G$2:$G$332="FF","")} -> 013abc1a-3775-402c-9d8b-d4582957136a | B110: {=IF(_xlfn.ANCHORARRAY(A110)<>"","FF","")} -> FF | C110: {=IF(_xlfn.ANCHORARRAY(A110)<>"",1,"")} -> 1 | D110: {=IF(_xlfn.ANCHORARRAY(A110)<>"",0,"")} -> 0 | E110: {=IF(_xlfn.ANCHORARRAY(A110)<>"",1,"")} -> 1 | G110: {=IF(_xlfn.ANCHORARRAY(A110)<>"","active","")} -> active
A111: 02372358-f49e-47ba-96dc-869f295bf76e | B111: FF | C111: 1 | D111: 0 | E111: 1 | G111: active
A112: 028ef489-2a33-43c6-9d30-c9902ff2f06f | B112: FF | C112: 1 | D112: 0 | E112: 1 | G112: active
A113: 02f22d58-165c-40b5-85ec-6db5c37d3a07 | B113: FF | C113: 1 | D113: 0 | E113: 1 | G113: active
A114: 03623462-87e9-4ea1-a75b-ab298fd03ebc | B114: FF | C114: 1 | D114: 0 | E114: 1 | G114: active
A115: 04c0b819-4154-4a86-a0c2-726c404408a2 | B115: FF | C115: 1 | D115: 0 | E115: 1 | G115: active
A116: 07f70f6e-3c74-449d-bd5a-aeb7ae8cd1a6 | B116: FF | C116: 1 | D116: 0 | E116: 1 | G116: active
A117: 09a3ea12-6309-41fb-90f2-6f190601a25b | B117: FF | C117: 1 | D117: 0 | E117: 1 | G117: active
A118: 0a03a20f-58a0-4ea7-8a18-ee53363bd69e | B118: FF | C118: 1 | D118: 0 | E118: 1 | G118: active
A119: 0a12a9da-1985-4a29-a8b1-9eea5bf81acd | B119: FF | C119: 1 | D119: 0 | E119: 1 | G119: active
A120: 0a928a88-2c09-4827-9fbb-4943318f0814 | B120: FF | C120: 1 | D120: 0 | E120: 1 | G120: active
A121: 0b384f7a-e454-447f-b18a-020a9f9e9635 | B121: FF | C121: 1 | D121: 0 | E121: 1 | G121: active
A122: 0b463554-c421-423f-b357-8f8a26a96163 | B122: FF | C122: 1 | D122: 0 | E122: 1 | G122: active
... A371: ffbc20e9-c35d-43ca-a055-721a8dacb0d6 | B371: FF | C371: 1 | D371: 0 | E371: 1 | G371: active
A372: {=_xlfn._xlws.FILTER(Quals!$A$2:$A$332,Quals!$H$2:$H$332="Drv","")} -> 03623462-87e9-4ea1-a75b-ab298fd03ebc | B372: {=IF(_xlfn.ANCHORARRAY(A372)<>"","Crew Driver","")} -> Crew Driver | C372: {=IF(_xlfn.ANCHORARRAY(A372)<>"",1,"")} -> 1 | D372: {=IF(_xlfn.ANCHORARRAY(A372)<>"",0,"")} -> 0 | E372: {=IF(_xlfn.ANCHORARRAY(A372)<>"",1,"")} -> 1 | G372: {=IF(_xlfn.ANCHORARRAY(A372)<>"","active","")} -> active
A373: 07f70f6e-3c74-449d-bd5a-aeb7ae8cd1a6 | B373: Crew Driver | C373: 1 | D373: 0 | E373: 1 | G373: active
A374: 0a928a88-2c09-4827-9fbb-4943318f0814 | B374: Crew Driver | C374: 1 | D374: 0 | E374: 1 | G374: active
A375: 0d76fe11-5ab3-43d8-9867-61b880cd3e5a | B375: Crew Driver | C375: 1 | D375: 0 | E375: 1 | G375: active
A376: 10e886d3-5e96-4407-8957-be031052b72a | B376: Crew Driver | C376: 1 | D376: 0 | E376: 1 | G376: active
A377: 12f832cc-5871-45a3-9fdc-18c74f71e5b2 | B377: Crew Driver | C377: 1 | D377: 0 | E377: 1 | G377: active
A378: 14941c3e-7d83-4b92-aa58-537837bcd938 | B378: Crew Driver | C378: 1 | D378: 0 | E378: 1 | G378: active
A379: 15871ddb-8931-4660-8e70-9d4c6b5f67d2 | B379: Crew Driver | C379: 1 | D379: 0 | E379: 1 | G379: active
A380: 1b2f80e6-2284-465b-ada2-df8ef1dbceae | B380: Crew Driver | C380: 1 | D380: 0 | E380: 1 | G380: active
A381: 1c30300d-8d81-46e3-bb4a-43d3cc3a55e2 | B381: Crew Driver | C381: 1 | D381: 0 | E381: 1 | G381: active
A382: 1de2d75f-1695-4d15-b960-2c4f731f5d1d | B382: Crew Driver | C382: 1 | D382: 0 | E382: 1 | G382: active
A383: 1ed18728-f60a-4524-ac43-7a58b69a99f1 | B383: Crew Driver | C383: 1 | D383: 0 | E383: 1 | G383: active
A384: 21c1fa65-cdc0-4d94-b471-29c5a96a940c | B384: Crew Driver | C384: 1 | D384: 0 | E384: 1 | G384: active
... A444: fe4343a0-6854-40dc-ae06-ed0d3e1ab1b2 | B444: Crew Driver | C444: 1 | D444: 0 | E444: 1 | G444: active
A445: {=_xlfn._xlws.FILTER(Quals!$A$2:$A$332,Quals!$K$2:$K$332="Plan (trainee)","")} -> 0230e24f-2ddd-4f7c-bc20-12df8000da70 | B445: {=IF(_xlfn.ANCHORARRAY(A445)<>"","Planning","")} -> Planning | C445: {=IF(_xlfn.ANCHORARRAY(A445)<>"",1,"")} -> 1 | D445: {=IF(_xlfn.ANCHORARRAY(A445)<>"",1,"")} -> 1 | E445: {=IF(_xlfn.ANCHORARRAY(A445)<>"",0,"")} -> 0 | F445: {=IF(_xlfn.ANCHORARRAY(A445)<>"","Trainee Planning","")} -> Trainee Planning | G445: {=IF(_xlfn.ANCHORARRAY(A445)<>"","trainee","")} -> trainee
A446: 02372358-f49e-47ba-96dc-869f295bf76e | B446: Planning | C446: 1 | D446: 1 | E446: 0 | F446: Trainee Planning | G446: trainee
A447: 0cb1b1fb-7b0d-432f-935a-6bf7f42e7e0f | B447: Planning | C447: 1 | D447: 1 | E447: 0 | F447: Trainee Planning | G447: trainee
A448: 1728d1fd-fe5e-426d-9c0d-008352176a3d | B448: Planning | C448: 1 | D448: 1 | E448: 0 | F448: Trainee Planning | G448: trainee
A449: 410b92f6-df2b-4f29-8dc1-59b753e4813d | B449: Planning | C449: 1 | D449: 1 | E449: 0 | F449: Trainee Planning | G449: trainee
A450: 444c166e-48dc-4778-bb41-3f5b8a2fa40e | B450: Planning | C450: 1 | D450: 1 | E450: 0 | F450: Trainee Planning | G450: trainee
A451: 4d7cfb6b-f459-479d-a27c-19e525f04e51 | B451: Planning | C451: 1 | D451: 1 | E451: 0 | F451: Trainee Planning | G451: trainee
A452: 4eb23d83-ad04-4902-9861-cd529fa59949 | B452: Planning | C452: 1 | D452: 1 | E452: 0 | F452: Trainee Planning | G452: trainee
A453: 5b108afa-5ba8-46b7-b6ae-0e027b0d1ff2 | B453: Planning | C453: 1 | D453: 1 | E453: 0 | F453: Trainee Planning | G453: trainee
A454: 67fe2313-2c1e-4fb7-a80e-edb9bbb4e4f3 | B454: Planning | C454: 1 | D454: 1 | E454: 0 | F454: Trainee Planning | G454: trainee
A455: 6b3e4616-81b4-410e-a28c-ca4d13bfb865 | B455: Planning | C455: 1 | D455: 1 | E455: 0 | F455: Trainee Planning | G455: trainee
A456: 7afc3306-357b-4688-9690-a849e6a471e9 | B456: Planning | C456: 1 | D456: 1 | E456: 0 | F456: Trainee Planning | G456: trainee
A457: ba9f650f-0248-439d-812b-9e5bcf3580f5 | B457: Planning | C457: 1 | D457: 1 | E457: 0 | F457: Trainee Planning | G457: trainee
... A460: ecdd3808-2753-4748-ab41-57d46e5f19e5 | B460: Planning | C460: 1 | D460: 1 | E460: 0 | F460: Trainee Planning | G460: trainee
A461: {=_xlfn._xlws.FILTER(Quals!$A$2:$A$332,Quals!$I$2:$I$332="S Drv","")} -> 0a928a88-2c09-4827-9fbb-4943318f0814 | B461: {=IF(_xlfn.ANCHORARRAY(A461)<>"","Skid Driver","")} -> Skid Driver | C461: {=IF(_xlfn.ANCHORARRAY(A461)<>"",1,"")} -> 1 | D461: {=IF(_xlfn.ANCHORARRAY(A461)<>"",0,"")} -> 0 | E461: {=IF(_xlfn.ANCHORARRAY(A461)<>"",1,"")} -> 1 | F461: =" " | G461: {=IF(_xlfn.ANCHORARRAY(A461)<>"","active","")} -> active
A462: 10e886d3-5e96-4407-8957-be031052b72a | B462: Skid Driver | C462: 1 | D462: 0 | E462: 1 | G462: active
A463: 14941c3e-7d83-4b92-aa58-537837bcd938 | B463: Skid Driver | C463: 1 | D463: 0 | E463: 1 | G463: active
A464: 1b2f80e6-2284-465b-ada2-df8ef1dbceae | B464: Skid Driver | C464: 1 | D464: 0 | E464: 1 | G464: active
A465: 1c30300d-8d81-46e3-bb4a-43d3cc3a55e2 | B465: Skid Driver | C465: 1 | D465: 0 | E465: 1 | G465: active
A466: 363ca175-a31d-4353-97dc-879dc611455c | B466: Skid Driver | C466: 1 | D466: 0 | E466: 1 | G466: active
A467: 3b00dc65-9b96-4af4-907d-d16d5695c2fd | B467: Skid Driver | C467: 1 | D467: 0 | E467: 1 | G467: active
A468: 473d1a1c-13f8-4e67-b901-ab6e8d84b298 | B468: Skid Driver | C468: 1 | D468: 0 | E468: 1 | G468: active
A469: 485a963b-d041-4535-ab53-090c46c12b0a | B469: Skid Driver | C469: 1 | D469: 0 | E469: 1 | G469: active
A470: 4f1558e4-e461-42d7-98fb-9dde40482817 | B470: Skid Driver | C470: 1 | D470: 0 | E470: 1 | G470: active
A471: 522ce146-bd45-4e51-8bc2-17541f1e4a50 | B471: Skid Driver | C471: 1 | D471: 0 | E471: 1 | G471: active
A472: 62ec90a5-b4ec-46da-acb4-d08b77ef8c86 | B472: Skid Driver | C472: 1 | D472: 0 | E472: 1 | G472: active
A473: 62ed5d8d-4dbf-464b-b8f3-4b2cd2c973e2 | B473: Skid Driver | C473: 1 | D473: 0 | E473: 1 | G473: active
... A490: ed497030-08b7-47f5-87b3-b7708ab93256 | B490: Skid Driver | C490: 1 | D490: 0 | E490: 1 | G490: active
A491: {=_xlfn._xlws.FILTER(Quals!$A$2:$A$332,Quals!$J$2:$J$332="T Drv","")} -> 363ca175-a31d-4353-97dc-879dc611455c | B491: {=IF(_xlfn.ANCHORARRAY(A491)<>"","Truck Driver","")} -> Truck Driver | C491: {=IF(_xlfn.ANCHORARRAY(A491)<>"",1,"")} -> 1 | D491: {=IF(_xlfn.ANCHORARRAY(A491)<>"",0,"")} -> 0 | E491: {=IF(_xlfn.ANCHORARRAY(A491)<>"",1,"")} -> 1 | G491: {=IF(_xlfn.ANCHORARRAY(A491)<>"","active","")} -> active
A492: 4400b262-27d0-429f-b5c8-8e43b330cc4c | B492: Truck Driver | C492: 1 | D492: 0 | E492: 1 | G492: active
A493: 473d1a1c-13f8-4e67-b901-ab6e8d84b298 | B493: Truck Driver | C493: 1 | D493: 0 | E493: 1 | G493: active
A494: ed497030-08b7-47f5-87b3-b7708ab93256 | B494: Truck Driver | C494: 1 | D494: 0 | E494: 1 | G494: active
A495: {=_xlfn._xlws.FILTER(Quals!$A$2:$A$332,Quals!$M$2:$M$332="LS","")} -> 03623462-87e9-4ea1-a75b-ab298fd03ebc | B495: {=IF(_xlfn.ANCHORARRAY(A495)<>"","Logistics & Support","")} -> Logistics & Support | C495: {=IF(_xlfn.ANCHORARRAY(A495)<>"",1,"")} -> 1 | D495: {=IF(_xlfn.ANCHORARRAY(A495)<>"",0,"")} -> 0 | E495: {=IF(_xlfn.ANCHORARRAY(A495)<>"",1,"")} -> 1 | G495: {=IF(_xlfn.ANCHORARRAY(A495)<>"","active","")} -> active
A496: 083a3bfc-e606-4d77-95f4-60fa82956233 | B496: Logistics & Support | C496: 1 | D496: 0 | E496: 1 | G496: active
A497: 08c7d967-5f5a-400d-bcdd-8286f0669e59 | B497: Logistics & Support | C497: 1 | D497: 0 | E497: 1 | G497: active
A498: 259de336-b352-422e-98bf-0227b153d7d2 | B498: Logistics & Support | C498: 1 | D498: 0 | E498: 1 | G498: active
A499: 2763c169-e3f3-478f-8616-4d072900b205 | B499: Logistics & Support | C499: 1 | D499: 0 | E499: 1 | G499: active
A500: 2d2cbd29-47f2-47e8-b249-4b7bed29f872 | B500: Logistics & Support | C500: 1 | D500: 0 | E500: 1 | G500: active
A501: 444c166e-48dc-4778-bb41-3f5b8a2fa40e | B501: Logistics & Support | C501: 1 | D501: 0 | E501: 1 | G501: active
A502: 4e38b68c-cff2-4916-b224-291eb8fe4ac4 | B502: Logistics & Support | C502: 1 | D502: 0 | E502: 1 | G502: active
A503: 5f839aab-13f8-4ec2-989a-25a9f2581a95 | B503: Logistics & Support | C503: 1 | D503: 0 | E503: 1 | G503: active
A504: 656762b8-9a09-438e-9d10-2d5863a2dea8 | B504: Logistics & Support | C504: 1 | D504: 0 | E504: 1 | G504: active
A505: 67fe2313-2c1e-4fb7-a80e-edb9bbb4e4f3 | B505: Logistics & Support | C505: 1 | D505: 0 | E505: 1 | G505: active
...

Sheet Availability_Clean
A1: Member_ID | B1: Date | C1: Day_Type | D1: Available | E1: Sat_Available | F1: Sun_Available | G1: Preferred_Base_1 | H1: Preferred_Base_2 | I1: Wants_Extra | J1: Notes | K1: Missing_Response
A2: bfbb3d07-9b5c-471c-a36f-b83c04b23fdb | B2: 45969 | C2: None | D2: 0 | E2: 0 | F2: 0 | G2: South Peninsula | H2: Newlands | I2: 1 | J2: No Sunday standbys I would like to do the open day standby on 6 December 2025 I would like to do an even split for standbys between SPS and NWL | K2: 0
A3: bfbb3d07-9b5c-471c-a36f-b83c04b23fdb | B3: 45976 | C3: None | D3: 0 | E3: 0 | F3: 0 | G3: South Peninsula | H3: Newlands | I3: 1 | J3: No Sunday standbys I would like to do the open day standby on 6 December 2025 I would like to do an even split for standbys between SPS and NWL | K3: 0
A4: bfbb3d07-9b5c-471c-a36f-b83c04b23fdb | B4: 45983 | C4: Sat only | D4: 1 | E4: 1 | F4: 0 | G4: South Peninsula | H4: Newlands | I4: 1 | J4: No Sunday standbys I would like to do the open day standby on 6 December 2025 I would like to do an even split for standbys between SPS and NWL | K4: 0
A5: bfbb3d07-9b5c-471c-a36f-b83c04b23fdb | B5: 45990 | C5: Sat only | D5: 1 | E5: 1 | F5: 0 | G5: South Peninsula | H5: Newlands | I5: 1 | J5: No Sunday standbys I would like to do the open day standby on 6 December 2025 I would like to do an even split for standbys between SPS and NWL | K5: 0
A6: bfbb3d07-9b5c-471c-a36f-b83c04b23fdb | B6: 45997 | C6: Both | D6: 1 | E6: 1 | F6: 1 | G6: South Peninsula | H6: Newlands | I6: 1 | J6: No Sunday standbys I would like to do the open day standby on 6 December 2025 I would like to do an even split for standbys between SPS and NWL | K6: 0
A7: bfbb3d07-9b5c-471c-a36f-b83c04b23fdb | B7: 46004 | C7: None | D7: 0 | E7: 0 | F7: 0 | G7: South Peninsula | H7: Newlands | I7: 1 | J7: No Sunday standbys I would like to do the open day standby on 6 December 2025 I would like to do an even split for standbys between SPS and NWL | K7: 0
A8: bfbb3d07-9b5c-471c-a36f-b83c04b23fdb | B8: 46011 | C8: None | D8: 0 | E8: 0 | F8: 0 | G8: South Peninsula | H8: Newlands | I8: 1 | J8: No Sunday standbys I would like to do the open day standby on 6 December 2025 I would like to do an even split for standbys between SPS and NWL | K8: 0
A9: bfbb3d07-9b5c-471c-a36f-b83c04b23fdb | B9: 46018 | C9: None | D9: 0 | E9: 0 | F9: 0 | G9: South Peninsula | H9: Newlands | I9: 1 | J9: No Sunday standbys I would like to do the open day standby on 6 December 2025 I would like to do an even split for standbys between SPS and NWL | K9: 0
A10: bfbb3d07-9b5c-471c-a36f-b83c04b23fdb | B10: 46025 | C10: Sat only | D10: 1 | E10: 1 | F10: 0 | G10: South Peninsula | H10: Newlands | I10: 1 | J10: No Sunday standbys I would like to do the open day standby on 6 December 2025 I would like to do an even split for standbys between SPS and NWL | K10: 0
A11: bfbb3d07-9b5c-471c-a36f-b83c04b23fdb | B11: 46032 | C11: Sat only | D11: 1 | E11: 1 | F11: 0 | G11: South Peninsula | H11: Newlands | I11: 1 | J11: No Sunday standbys I would like to do the open day standby on 6 December 2025 I would like to do an even split for standbys between SPS and NWL | K11: 0
A12: bfbb3d07-9b5c-471c-a36f-b83c04b23fdb | B12: 46039 | C12: Sat only | D12: 1 | E12: 1 | F12: 0 | G12: South Peninsula | H12: Newlands | I12: 1 | J12: No Sunday standbys I would like to do the open day standby on 6 December 2025 I would like to do an even split for standbys between SPS and NWL | K12: 0
A13: bfbb3d07-9b5c-471c-a36f-b83c04b23fdb | B13: 46046 | C13: Sat only | D13: 1 | E13: 1 | F13: 0 | G13: South Peninsula | H13: Newlands | I13: 1 | J13: No Sunday standbys I would like to do the open day standby on 6 December 2025 I would like to do an even split for standbys between SPS and NWL | K13: 0
... A26: bfbb3d07-9b5c-471c-a36f-b83c04b23fdb | B26: 46137 | C26: None | D26: 0 | E26: 0 | F26: 0 | G26: South Peninsula | H26: Newlands | I26: 1 | J26: No Sunday standbys I would like to do the open day standby on 6 December 2025 I would like to do an even split for standbys between SPS and NWL | K26: 0
A27: f2e6f0ab-3fb1-4a94-b8ec-4f9071ea238f | B27: 45969 | C27: Both | D27: 1 | E27: 1 | F27: 1 | G27: Newlands | H27: South Peninsula | I27: 1 | K27: 0
A28: f2e6f0ab-3fb1-4a94-b8ec-4f9071ea238f | B28: 45976 | C28: None | D28: 0 | E28: 0 | F28: 0 | G28: Newlands | H28: South Peninsula | I28: 1 | K28: 0
A29: f2e6f0ab-3fb1-4a94-b8ec-4f9071ea238f | B29: 45983 | C29: Sun only | D29: 1 | E29: 0 | F29: 1 | G29: Newlands | H29: South Peninsula | I29: 1 | K29: 0
A30: f2e6f0ab-3fb1-4a94-b8ec-4f9071ea238f | B30: 45990 | C30: None | D30: 0 | E30: 0 | F30: 0 | G30: Newlands | H30: South Peninsula | I30: 1 | K30: 0
A31: f2e6f0ab-3fb1-4a94-b8ec-4f9071ea238f | B31: 45997 | C31: None | D31: 0 | E31: 0 | F31: 0 | G31: Newlands | H31: South Peninsula | I31: 1 | K31: 0
A32: f2e6f0ab-3fb1-4a94-b8ec-4f9071ea238f | B32: 46004 | C32: None | D32: 0 | E32: 0 | F32: 0 | G32: Newlands | H32: South Peninsula | I32: 1 | K32: 0
A33: f2e6f0ab-3fb1-4a94-b8ec-4f9071ea238f | B33: 46011 | C33: None | D33: 0 | E33: 0 | F33: 0 | G33: Newlands | H33: South Peninsula | I33: 1 | K33: 0
A34: f2e6f0ab-3fb1-4a94-b8ec-4f9071ea238f | B34: 46018 | C34: None | D34: 0 | E34: 0 | F34: 0 | G34: Newlands | H34: South Peninsula | I34: 1 | K34: 0
A35: f2e6f0ab-3fb1-4a94-b8ec-4f9071ea238f | B35: 46025 | C35: None | D35: 0 | E35: 0 | F35: 0 | G35: Newlands | H35: South Peninsula | I35: 1 | K35: 0
A36: f2e6f0ab-3fb1-4a94-b8ec-4f9071ea238f | B36: 46032 | C36: None | D36: 0 | E36: 0 | F36: 0 | G36: Newlands | H36: South Peninsula | I36: 1 | K36: 0
A37: f2e6f0ab-3fb1-4a94-b8ec-4f9071ea238f | B37: 46039 | C37: None | D37: 0 | E37: 0 | F37: 0 | G37: Newlands | H37: South Peninsula | I37: 1 | K37: 0
A38: f2e6f0ab-3fb1-4a94-b8ec-4f9071ea238f | B38: 46046 | C38: Both | D38: 1 | E38: 1 | F38: 1 | G38: Newlands | H38: South Peninsula | I38: 1 | K38: 0
... A51: f2e6f0ab-3fb1-4a94-b8ec-4f9071ea238f | B51: 46137 | C51: None | D51: 0 | E51: 0 | F51: 0 | G51: Newlands | H51: South Peninsula | I51: 1 | K51: 0
A52: 3ed02464-4cc2-4e1b-af22-0049154b7aea | B52: 45969 | C52: None | D52: 0 | E52: 0 | F52: 0 | G52: Newlands | H52: Newlands | I52: 1 | J52: The earlier in season the stanbys are the better. | K52: 0
A53: 3ed02464-4cc2-4e1b-af22-0049154b7aea | B53: 45976 | C53: Both | D53: 1 | E53: 1 | F53: 1 | G53: Newlands | H53: Newlands | I53: 1 | J53: The earlier in season the stanbys are the better. | K53: 0
A54: 3ed02464-4cc2-4e1b-af22-0049154b7aea | B54: 45983 | C54: None | D54: 0 | E54: 0 | F54: 0 | G54: Newlands | H54: Newlands | I54: 1 | J54: The earlier in season the stanbys are the better. | K54: 0
A55: 3ed02464-4cc2-4e1b-af22-0049154b7aea | B55: 45990 | C55: None | D55: 0 | E55: 0 | F55: 0 | G55: Newlands | H55: Newlands | I55: 1 | J55: The earlier in season the stanbys are the better. | K55: 0
A56: 3ed02464-4cc2-4e1b-af22-0049154b7aea | B56: 45997 | C56: Both | D56: 1 | E56: 1 | F56: 1 | G56: Newlands | H56: Newlands | I56: 1 | J56: The earlier in season the stanbys are the better. | K56: 0
A57: 3ed02464-4cc2-4e1b-af22-0049154b7aea | B57: 46004 | C57: None | D57: 0 | E57: 0 | F57: 0 | G57: Newlands | H57: Newlands | I57: 1 | J57: The earlier in season the stanbys are the better. | K57: 0
A58: 3ed02464-4cc2-4e1b-af22-0049154b7aea | B58: 46011 | C58: Sat only | D58: 1 | E58: 1 | F58: 0 | G58: Newlands | H58: Newlands | I58: 1 | J58: The earlier in season the stanbys are the better. | K58: 0
A59: 3ed02464-4cc2-4e1b-af22-0049154b7aea | B59: 46018 | C59: None | D59: 0 | E59: 0 | F59: 0 | G59: Newlands | H59: Newlands | I59: 1 | J59: The earlier in season the stanbys are the better. | K59: 0
A60: 3ed02464-4cc2-4e1b-af22-0049154b7aea | B60: 46025 | C60: Sun only | D60: 1 | E60: 0 | F60: 1 | G60: Newlands | H60: Newlands | I60: 1 | J60: The earlier in season the stanbys are the better. | K60: 0
A61: 3ed02464-4cc2-4e1b-af22-0049154b7aea | B61: 46032 | C61: Sat only | D61: 1 | E61: 1 | F61: 0 | G61: Newlands | H61: Newlands | I61: 1 | J61: The earlier in season the stanbys are the better. | K61: 0
A62: 3ed02464-4cc2-4e1b-af22-0049154b7aea | B62: 46039 | C62: None | D62: 0 | E62: 0 | F62: 0 | G62: Newlands | H62: Newlands | I62: 1 | J62: The earlier in season the stanbys are the better. | K62: 0
A63: 3ed02464-4cc2-4e1b-af22-0049154b7aea | B63: 46046 | C63: None | D63: 0 | E63: 0 | F63: 0 | G63: Newlands | H63: Newlands | I63: 1 | J63: The earlier in season the stanbys are the better. | K63: 0
... A126: d4472850-8a5d-4c0e-bdaa-4e36076302d0 | B126: 46137 | C126: Both | D126: 1 | E126: 1 | F126: 1 | G126: Newlands | H126: South Peninsula | I126: 1 | J126: Must be on with 62ed5d8d-4dbf-464b-b8f3-4b2cd2c973e2 | K126: 0
A127: 9f7143c0-148c-4a38-a077-99d723fc7d7a | B127: 45969 | C127: None | D127: 0 | E127: 0 | F127: 0 | G127: Newlands | H127: South Peninsula | I127: 0 | K127: 0
A128: 9f7143c0-148c-4a38-a077-99d723fc7d7a | B128: 45976 | C128: None | D128: 0 | E128: 0 | F128: 0 | G128: Newlands | H128: South Peninsula | I128: 0 | K128: 0
A129: 9f7143c0-148c-4a38-a077-99d723fc7d7a | B129: 45983 | C129: Sun only | D129: 1 | E129: 0 | F129: 1 | G129: Newlands | H129: South Peninsula | I129: 0 | K129: 0
A130: 9f7143c0-148c-4a38-a077-99d723fc7d7a | B130: 45990 | C130: Both | D130: 1 | E130: 1 | F130: 1 | G130: Newlands | H130: South Peninsula | I130: 0 | K130: 0
A131: 9f7143c0-148c-4a38-a077-99d723fc7d7a | B131: 45997 | C131: Both | D131: 1 | E131: 1 | F131: 1 | G131: Newlands | H131: South Peninsula | I131: 0 | K131: 0
A132: 9f7143c0-148c-4a38-a077-99d723fc7d7a | B132: 46004 | C132: Both | D132: 1 | E132: 1 | F132: 1 | G132: Newlands | H132: South Peninsula | I132: 0 | K132: 0
A133: 9f7143c0-148c-4a38-a077-99d723fc7d7a | B133: 46011 | C133: None | D133: 0 | E133: 0 | F133: 0 | G133: Newlands | H133: South Peninsula | I133: 0 | K133: 0
A134: 9f7143c0-148c-4a38-a077-99d723fc7d7a | B134: 46018 | C134: None | D134: 0 | E134: 0 | F134: 0 | G134: Newlands | H134: South Peninsula | I134: 0 | K134: 0
A135: 9f7143c0-148c-4a38-a077-99d723fc7d7a | B135: 46025 | C135: None | D135: 0 | E135: 0 | F135: 0 | G135: Newlands | H135: South Peninsula | I135: 0 | K135: 0
A136: 9f7143c0-148c-4a38-a077-99d723fc7d7a | B136: 46032 | C136: None | D136: 0 | E136: 0 | F136: 0 | G136: Newlands | H136: South Peninsula | I136: 0 | K136: 0
A137: 9f7143c0-148c-4a38-a077-99d723fc7d7a | B137: 46039 | C137: Sun only | D137: 1 | E137: 0 | F137: 1 | G137: Newlands | H137: South Peninsula | I137: 0 | K137: 0
A138: 9f7143c0-148c-4a38-a077-99d723fc7d7a | B138: 46046 | C138: Both | D138: 1 | E138: 1 | F138: 1 | G138: Newlands | H138: South Peninsula | I138: 0 | K138: 0
... A176: 97e21408-df02-4722-8215-91f4962617cc | B176: 46137 | C176: Both | D176: 1 | E176: 1 | F176: 1 | G176: Newlands | H176: South Peninsula | I176: 0 | K176: 0
A177: 378ce48b-5c37-4a89-b796-316ec088cd7e | B177: 45969 | C177: None | D177: 0 | E177: 0 | F177: 0 | G177: Stellenbosch/Helderberg | I177: 1 | K177: 0
A178: 378ce48b-5c37-4a89-b796-316ec088cd7e | B178: 45976 | C178: None | D178: 0 | E178: 0 | F178: 0 | G178: Stellenbosch/Helderberg | I178: 1 | K178: 0
A179: 378ce48b-5c37-4a89-b796-316ec088cd7e | B179: 45983 | C179: Both | D179: 1 | E179: 1 | F179: 1 | G179: Stellenbosch/Helderberg | I179: 1 | K179: 0
A180: 378ce48b-5c37-4a89-b796-316ec088cd7e | B180: 45990 | C180: Both | D180: 1 | E180: 1 | F180: 1 | G180: Stellenbosch/Helderberg | I180: 1 | K180: 0
A181: 378ce48b-5c37-4a89-b796-316ec088cd7e | B181: 45997 | C181: None | D181: 0 | E181: 0 | F181: 0 | G181: Stellenbosch/Helderberg | I181: 1 | K181: 0
A182: 378ce48b-5c37-4a89-b796-316ec088cd7e | B182: 46004 | C182: Both | D182: 1 | E182: 1 | F182: 1 | G182: Stellenbosch/Helderberg | I182: 1 | K182: 0
A183: 378ce48b-5c37-4a89-b796-316ec088cd7e | B183: 46011 | C183: Both | D183: 1 | E183: 1 | F183: 1 | G183: Stellenbosch/Helderberg | I183: 1 | K183: 0
A184: 378ce48b-5c37-4a89-b796-316ec088cd7e | B184: 46018 | C184: Sun only | D184: 1 | E184: 0 | F184: 1 | G184: Stellenbosch/Helderberg | I184: 1 | K184: 0
A185: 378ce48b-5c37-4a89-b796-316ec088cd7e | B185: 46025 | C185: Both | D185: 1 | E185: 1 | F185: 1 | G185: Stellenbosch/Helderberg | I185: 1 | K185: 0
A186: 378ce48b-5c37-4a89-b796-316ec088cd7e | B186: 46032 | C186: None | D186: 0 | E186: 0 | F186: 0 | G186: Stellenbosch/Helderberg | I186: 1 | K186: 0
A187: 378ce48b-5c37-4a89-b796-316ec088cd7e | B187: 46039 | C187: None | D187: 0 | E187: 0 | F187: 0 | G187: Stellenbosch/Helderberg | I187: 1 | K187: 0
A188: 378ce48b-5c37-4a89-b796-316ec088cd7e | B188: 46046 | C188: None | D188: 0 | E188: 0 | F188: 0 | G188: Stellenbosch/Helderberg | I188: 1 | K188: 0
... A201: 378ce48b-5c37-4a89-b796-316ec088cd7e | B201: 46137 | C201: Sun only | D201: 1 | E201: 0 | F201: 1 | G201: Stellenbosch/Helderberg | I201: 1 | K201: 0
A202: b38b085b-877b-432f-b7bc-959b5fbb2349 | B202: 45969 | C202: Both | D202: 1 | E202: 1 | F202: 1 | G202: South Peninsula, Stellenbosch/Helderberg | H202: Newlands | I202: 1 | J202: Dual member with STB/HDB - would prefer those standbys later in the seasin(feb/mar/apr) due to work commitments | K202: 0
A203: b38b085b-877b-432f-b7bc-959b5fbb2349 | B203: 45976 | C203: Both | D203: 1 | E203: 1 | F203: 1 | G203: South Peninsula, Stellenbosch/Helderberg | H203: Newlands | I203: 1 | J203: Dual member with STB/HDB - would prefer those standbys later in the seasin(feb/mar/apr) due to work commitments | K203: 0
A204: b38b085b-877b-432f-b7bc-959b5fbb2349 | B204: 45983 | C204: Both | D204: 1 | E204: 1 | F204: 1 | G204: South Peninsula, Stellenbosch/Helderberg | H204: Newlands | I204: 1 | J204: Dual member with STB/HDB - would prefer those standbys later in the seasin(feb/mar/apr) due to work commitments | K204: 0
A205: b38b085b-877b-432f-b7bc-959b5fbb2349 | B205: 45990 | C205: Both | D205: 1 | E205: 1 | F205: 1 | G205: South Peninsula, Stellenbosch/Helderberg | H205: Newlands | I205: 1 | J205: Dual member with STB/HDB - would prefer those standbys later in the seasin(feb/mar/apr) due to work commitments | K205: 0
A206: b38b085b-877b-432f-b7bc-959b5fbb2349 | B206: 45997 | C206: Sat only | D206: 1 | E206: 1 | F206: 0 | G206: South Peninsula, Stellenbosch/Helderberg | H206: Newlands | I206: 1 | J206: Dual member with STB/HDB - would prefer those standbys later in the seasin(feb/mar/apr) due to work commitments | K206: 0
A207: b38b085b-877b-432f-b7bc-959b5fbb2349 | B207: 46004 | C207: Sat only | D207: 1 | E207: 1 | F207: 0 | G207: South Peninsula, Stellenbosch/Helderberg | H207: Newlands | I207: 1 | J207: Dual member with STB/HDB - would prefer those standbys later in the seasin(feb/mar/apr) due to work commitments | K207: 0
A208: b38b085b-877b-432f-b7bc-959b5fbb2349 | B208: 46011 | C208: Sat only | D208: 1 | E208: 1 | F208: 0 | G208: South Peninsula, Stellenbosch/Helderberg | H208: Newlands | I208: 1 | J208: Dual member with STB/HDB - would prefer those standbys later in the seasin(feb/mar/apr) due to work commitments | K208: 0
A209: b38b085b-877b-432f-b7bc-959b5fbb2349 | B209: 46018 | C209: None | D209: 0 | E209: 0 | F209: 0 | G209: South Peninsula, Stellenbosch/Helderberg | H209: Newlands | I209: 1 | J209: Dual member with STB/HDB - would prefer those standbys later in the seasin(feb/mar/apr) due to work commitments | K209: 0
A210: b38b085b-877b-432f-b7bc-959b5fbb2349 | B210: 46025 | C210: None | D210: 0 | E210: 0 | F210: 0 | G210: South Peninsula, Stellenbosch/Helderberg | H210: Newlands | I210: 1 | J210: Dual member with STB/HDB - would prefer those standbys later in the seasin(feb/mar/apr) due to work commitments | K210: 0
A211: b38b085b-877b-432f-b7bc-959b5fbb2349 | B211: 46032 | C211: Sat only | D211: 1 | E211: 1 | F211: 0 | G211: South Peninsula, Stellenbosch/Helderberg | H211: Newlands | I211: 1 | J211: Dual member with STB/HDB - would prefer those standbys later in the seasin(feb/mar/apr) due to work commitments | K211: 0
A212: b38b085b-877b-432f-b7bc-959b5fbb2349 | B212: 46039 | C212: Sat only | D212: 1 | E212: 1 | F212: 0 | G212: South Peninsula, Stellenbosch/Helderberg | H212: Newlands | I212: 1 | J212: Dual member with STB/HDB - would prefer those standbys later in the seasin(feb/mar/apr) due to work commitments | K212: 0
A213: b38b085b-877b-432f-b7bc-959b5fbb2349 | B213: 46046 | C213: Sat only | D213: 1 | E213: 1 | F213: 0 | G213: South Peninsula, Stellenbosch/Helderberg | H213: Newlands | I213: 1 | J213: Dual member with STB/HDB - would prefer those standbys later in the seasin(feb/mar/apr) due to work commitments | K213: 0
... A226: b38b085b-877b-432f-b7bc-959b5fbb2349 | B226: 46137 | C226: Both | D226: 1 | E226: 1 | F226: 1 | G226: South Peninsula, Stellenbosch/Helderberg | H226: Newlands | I226: 1 | J226: Dual member with STB/HDB - would prefer those standbys later in the seasin(feb/mar/apr) due to work commitments | K226: 0
A227: 66f04a65-70c3-4c40-9632-e2adfd956312 | B227: 45969 | C227: Both | D227: 1 | E227: 1 | F227: 1 | G227: Newlands | H227: Newlands | I227: 0 | K227: 0
A228: 66f04a65-70c3-4c40-9632-e2adfd956312 | B228: 45976 | C228: Both | D228: 1 | E228: 1 | F228: 1 | G228: Newlands | H228: Newlands | I228: 0 | K228: 0
A229: 66f04a65-70c3-4c40-9632-e2adfd956312 | B229: 45983 | C229: Both | D229: 1 | E229: 1 | F229: 1 | G229: Newlands | H229: Newlands | I229: 0 | K229: 0
A230: 66f04a65-70c3-4c40-9632-e2adfd956312 | B230: 45990 | C230: Both | D230: 1 | E230: 1 | F230: 1 | G230: Newlands | H230: Newlands | I230: 0 | K230: 0
A231: 66f04a65-70c3-4c40-9632-e2adfd956312 | B231: 45997 | C231: Both | D231: 1 | E231: 1 | F231: 1 | G231: Newlands | H231: Newlands | I231: 0 | K231: 0
A232: 66f04a65-70c3-4c40-9632-e2adfd956312 | B232: 46004 | C232: Both | D232: 1 | E232: 1 | F232: 1 | G232: Newlands | H232: Newlands | I232: 0 | K232: 0
A233: 66f04a65-70c3-4c40-9632-e2adfd956312 | B233: 46011 | C233: Sat only | D233: 1 | E233: 1 | F233: 0 | G233: Newlands | H233: Newlands | I233: 0 | K233: 0
A234: 66f04a65-70c3-4c40-9632-e2adfd956312 | B234: 46018 | C234: None | D234: 0 | E234: 0 | F234: 0 | G234: Newlands | H234: Newlands | I234: 0 | K234: 0
A235: 66f04a65-70c3-4c40-9632-e2adfd956312 | B235: 46025 | C235: None | D235: 0 | E235: 0 | F235: 0 | G235: Newlands | H235: Newlands | I235: 0 | K235: 0
A236: 66f04a65-70c3-4c40-9632-e2adfd956312 | B236: 46032 | C236: Both | D236: 1 | E236: 1 | F236: 1 | G236: Newlands | H236: Newlands | I236: 0 | K236: 0
A237: 66f04a65-70c3-4c40-9632-e2adfd956312 | B237: 46039 | C237: Both | D237: 1 | E237: 1 | F237: 1 | G237: Newlands | H237: Newlands | I237: 0 | K237: 0
A238: 66f04a65-70c3-4c40-9632-e2adfd956312 | B238: 46046 | C238: Both | D238: 1 | E238: 1 | F238: 1 | G238: Newlands | H238: Newlands | I238: 0 | K238: 0
... A276: 028ef489-2a33-43c6-9d30-c9902ff2f06f | B276: 46137 | C276: Sat only | D276: 1 | E276: 1 | F276: 0 | G276: Newlands | H276: South Peninsula | I276: 0 | K276: 0
A277: 896233d3-89f2-4e66-9c1c-fa7e26b26b89 | B277: 45969 | C277: None | D277: 0 | E277: 0 | F277: 0 | G277: Newlands | I277: 1 | J277: Not available before mid-Jan 2026 | K277: 0
A278: 896233d3-89f2-4e66-9c1c-fa7e26b26b89 | B278: 45976 | C278: None | D278: 0 | E278: 0 | F278: 0 | G278: Newlands | I278: 1 | J278: Not available before mid-Jan 2026 | K278: 0
A279: 896233d3-89f2-4e66-9c1c-fa7e26b26b89 | B279: 45983 | C279: None | D279: 0 | E279: 0 | F279: 0 | G279: Newlands | I279: 1 | J279: Not available before mid-Jan 2026 | K279: 0
A280: 896233d3-89f2-4e66-9c1c-fa7e26b26b89 | B280: 45990 | C280: None | D280: 0 | E280: 0 | F280: 0 | G280: Newlands | I280: 1 | J280: Not available before mid-Jan 2026 | K280: 0
A281: 896233d3-89f2-4e66-9c1c-fa7e26b26b89 | B281: 45997 | C281: None | D281: 0 | E281: 0 | F281: 0 | G281: Newlands | I281: 1 | J281: Not available before mid-Jan 2026 | K281: 0
A282: 896233d3-89f2-4e66-9c1c-fa7e26b26b89 | B282: 46004 | C282: None | D282: 0 | E282: 0 | F282: 0 | G282: Newlands | I282: 1 | J282: Not available before mid-Jan 2026 | K282: 0
A283: 896233d3-89f2-4e66-9c1c-fa7e26b26b89 | B283: 46011 | C283: None | D283: 0 | E283: 0 | F283: 0 | G283: Newlands | I283: 1 | J283: Not available before mid-Jan 2026 | K283: 0
A284: 896233d3-89f2-4e66-9c1c-fa7e26b26b89 | B284: 46018 | C284: None | D284: 0 | E284: 0 | F284: 0 | G284: Newlands | I284: 1 | J284: Not available before mid-Jan 2026 | K284: 0
...

Sheet Demand_Clean
A1: Date | B1: Base | C1: Role | D1: Required_Count | E1: Roster_Type
A2: {=_xlfn.LET( _xlpm.bd,_xlfn.ANCHORARRAY(BaseDate_Clean!$A$2), _xlpm.d,_xlfn.CHOOSECOLS(_xlpm.bd,1), _xlpm.b,_xlfn.CHOOSECOLS(_xlpm.bd,2), _xlpm.rt,_xlfn.CHOOSECOLS(_xlpm.bd,3), _xlpm.compBases,'Roster Compositions'!$A$3:$A$10, _xlpm.cl,_xlfn.XLOOKUP(_xlpm.b,_xlpm.compBases,'Roster Compositions'!$B$3:$B$10,0), _xlpm.acl,_xlfn.XLOOKUP(_xlpm.b,_xlpm.compBases,'Roster Compositions'!$C$3:$C$10,0), _xlpm.ff,_xlfn.XLOOKUP(_xlpm.b,_xlpm.compBases,'Roster Compositions'!$D$3:$D$10,0), _xlpm.ffnr,_xlfn.XLOOKUP(_xlpm.b,_xlpm.compBases,'Roster Compositions'!$E$3:$E$10,0), _xlpm.ff2yr,_xlfn.XLOOKUP(_xlpm.b,_xlpm.compBases,'Roster Compositions'!$F$3:$F$10,0), _xlpm.drv,_xlfn.XLOOKUP(_xlpm.b,_xlpm.compBases,'Roster Compositions'!$G$3:$G$10,0), _xlpm.sdrv,_xlfn.XLOOKUP(_xlpm.b,_xlpm.compBases,'Roster Compositions'!$H$3:$H$10,0), _xlpm.tdrv,_xlfn.XLOOKUP(_xlpm.b,_xlpm.compBases,'Roster Compositions'!$I$3:$I$10,0), _xlpm.plan_raw,_xlfn.XLOOKUP(_xlpm.b,_xlpm.compBases,'Roster Compositions'!$J$3:$J$10,""), _xlpm.plan,IF(_xlpm.plan_raw="",0,IF(_xlpm.plan_raw>31,--(_xlpm.d>=_xlpm.plan_raw),_xlpm.plan_raw)), _xlpm.ls,_xlfn.XLOOKUP(_xlpm.b,_xlpm.compBases,'Roster Compositions'!$K$3:$K$10,0), _xlfn.VSTACK( _xlfn._xlws.FILTER(_xlfn.HSTACK(_xlpm.d,_xlpm.b,IF(_xlpm.d<>"","CL",""),_xlpm.cl,_xlpm.rt,IF(_xlpm.d<>"","","")),_xlpm.cl>0), _xlfn._xlws.FILTER(_xlfn.HSTACK(_xlpm.d,_xlpm.b,IF(_xlpm.d<>"","ACL",""),_xlpm.acl,_xlpm.rt,IF(_xlpm.d<>"","","")),_xlpm.acl>0), _xlfn._xlws.FILTER(_xlfn.HSTACK(_xlpm.d,_xlpm.b,IF(_xlpm.d<>"","FF",""),_xlpm.ff,_xlpm.rt,IF(_xlpm.d<>"","","")),_xlpm.ff>0), _xlfn._xlws.FILTER(_xlfn.HSTACK(_xlpm.d,_xlpm.b,IF(_xlpm.d<>"","FF NR",""),_xlpm.ffnr,_xlpm.rt,IF(_xlpm.d<>"","","")),_xlpm.ffnr>0), _xlfn._xlws.FILTER(_xlfn.HSTACK(_xlpm.d,_xlpm.b,IF(_xlpm.d<>"","FF2YR",""),_xlpm.ff2yr,_xlpm.rt,IF(_xlpm.d<>"","","")),_xlpm.ff2yr>0), _xlfn._xlws.FILTER(_xlfn.HSTACK(_xlpm.d,_xlpm.b,IF(_xlpm.d<>"","Crew Driver",""),_xlpm.drv,_xlpm.rt,IF(_xlpm.d<>"","","")),_xlpm.drv>0), _xlfn._xlws.FILTER(_xlfn.HSTACK(_xlpm.d,_xlpm.b,IF(_xlpm.d<>"","Skid Driver",""),_xlpm.sdrv,_xlpm.rt,IF(_xlpm.d<>"","","")),_xlpm.sdrv>0), _xlfn._xlws.FILTER(_xlfn.HSTACK(_xlpm.d,_xlpm.b,IF(_xlpm.d<>"","Truck Driver",""),_xlpm.tdrv,_xlpm.rt,IF(_xlpm.d<>"","","")),_xlpm.tdrv>0), _xlfn._xlws.FILTER(_xlfn.HSTACK(_xlpm.d,_xlpm.b,IF(_xlpm.d<>"","Planning",""),_xlpm.plan,_xlpm.rt,IF(_xlpm.d<>"","","")),_xlpm.plan>0), _xlfn._xlws.FILTER(_xlfn.HSTACK(_xlpm.d,_xlpm.b,IF(_xlpm.d<>"","Logistics & Support",""),_xlpm.ls,_xlpm.rt,IF(_xlpm.d<>"","","")),_xlpm.ls>0) ) )} -> 45976 | B2: NWL HC1 | C2: CL | D2: 1 | E2: Main Firefighter
A3: 45976 | B3: SPS HC | C3: CL | D3: 1 | E3: Main Firefighter
A4: 45976 | B4: HDB HC/SU | C4: CL | D4: 1 | E4: Main Firefighter
A5: 45977 | B5: NWL HC1 | C5: CL | D5: 1 | E5: Main Firefighter
A6: 45983 | B6: NWL HC1 | C6: CL | D6: 1 | E6: Main Firefighter
A7: 45983 | B7: NWL SU | C7: CL | D7: 1 | E7: Main Firefighter
A8: 45983 | B8: SPS HC | C8: CL | D8: 1 | E8: Main Firefighter
A9: 45983 | B9: STB HC | C9: CL | D9: 1 | E9: Main Firefighter
A10: 45984 | B10: NWL HC1 | C10: CL | D10: 1 | E10: Main Firefighter
A11: 45984 | B11: NWL SU | C11: CL | D11: 1 | E11: Main Firefighter
A12: 45990 | B12: NWL HC1 | C12: CL | D12: 1 | E12: Main Firefighter
A13: 45990 | B13: NWL HC2 | C13: CL | D13: 1 | E13: Main Firefighter
A14: 45990 | B14: SPS HC | C14: CL | D14: 1 | E14: Main Firefighter
... A834: 46138 | B834: NWL HC1 | C834: Logistics & Support | D834: 1 | E834: Main Firefighter

Sheet BaseDate_Clean
A1: Date | B1: Base | C1: Roster_Type
A2: {=_xlfn.LET( _xlpm.bases,'VWS Roster'!$D$4:$D$167, _xlpm.dates,'VWS Roster'!$B$4:$B$167, _xlpm.filled_dates,_xlfn.SCAN("",_xlpm.dates,_xlfn.LAMBDA(_xlpm.acc,_xlpm.x,IF(_xlpm.x="",_xlpm.acc,_xlpm.x))), _xlpm.roster_type,IF(_xlpm.bases="Helitack STB","Helitack","Main Firefighter"), _xlfn._xlws.FILTER(_xlfn.HSTACK(_xlpm.filled_dates,_xlpm.bases,_xlpm.roster_type),_xlpm.bases<>"") )} -> 45976 | B2: NWL HC1 | C2: Main Firefighter
A3: 45976 | B3: SPS HC | C3: Main Firefighter
A4: 45976 | B4: HDB HC/SU | C4: Main Firefighter
A5: 45977 | B5: NWL HC1 | C5: Main Firefighter
A6: 45983 | B6: NWL HC1 | C6: Main Firefighter
A7: 45983 | B7: NWL SU | C7: Main Firefighter
A8: 45983 | B8: SPS HC | C8: Main Firefighter
A9: 45983 | B9: STB HC | C9: Main Firefighter
A10: 45984 | B10: NWL HC1 | C10: Main Firefighter
A11: 45984 | B11: NWL SU | C11: Main Firefighter
A12: 45990 | B12: NWL HC1 | C12: Main Firefighter
A13: 45990 | B13: NWL HC2 | C13: Main Firefighter
A14: 45990 | B14: SPS HC | C14: Main Firefighter
... A157: 46138 | B157: NWL HC1 | C157: Main Firefighter

Sheet Members Clean Draft
A1: Member_ID | B1: Home_Base
A2: 013abc1a-3775-402c-9d8b-d4582957136a | B2: STB
A3: 0230e24f-2ddd-4f7c-bc20-12df8000da70 | B3: NWL
A4: 02372358-f49e-47ba-96dc-869f295bf76e | B4: NWL
A5: 028ef489-2a33-43c6-9d30-c9902ff2f06f | B5: NWL
A6: 02f22d58-165c-40b5-85ec-6db5c37d3a07 | B6: STB
A7: 03623462-87e9-4ea1-a75b-ab298fd03ebc | B7: NWL
A8: 04c0b819-4154-4a86-a0c2-726c404408a2 | B8: NWL
A9: 07f70f6e-3c74-449d-bd5a-aeb7ae8cd1a6 | B9: HDB
A10: 083a3bfc-e606-4d77-95f4-60fa82956233 | B10: NWL
A11: 08c7d967-5f5a-400d-bcdd-8286f0669e59 | B11: SPS
A12: 09a3ea12-6309-41fb-90f2-6f190601a25b | B12: NWL/STB
... A332: ffbc20e9-c35d-43ca-a055-721a8dacb0d6 | B332: HDB

Sheet Name_Match_Issue
A1: Availability_ID | B1: In_Members_List? | C1: Notes
A2: bfbb3d07-9b5c-471c-a36f-b83c04b23fdb | B2: =IF(COUNTIF('Members Clean Draft'!$A:$A,A2)>0,"Match","No match") -> Match | C2: So it is an existence check, not a row-by-row comparison.
A3: f2e6f0ab-3fb1-4a94-b8ec-4f9071ea238f | B3: =IF(COUNTIF('Members Clean Draft'!$A:$A,A3)>0,"Match","No match") -> Match
A4: 3ed02464-4cc2-4e1b-af22-0049154b7aea | B4: =IF(COUNTIF('Members Clean Draft'!$A:$A,A4)>0,"Match","No match") -> Match
A5: 95aa57a4-a5ae-4c4d-a413-fbef856e44d8 | B5: =IF(COUNTIF('Members Clean Draft'!$A:$A,A5)>0,"Match","No match") -> Match
A6: d4472850-8a5d-4c0e-bdaa-4e36076302d0 | B6: =IF(COUNTIF('Members Clean Draft'!$A:$A,A6)>0,"Match","No match") -> Match
A7: 9f7143c0-148c-4a38-a077-99d723fc7d7a | B7: =IF(COUNTIF('Members Clean Draft'!$A:$A,A7)>0,"Match","No match") -> Match
A8: 97e21408-df02-4722-8215-91f4962617cc | B8: =IF(COUNTIF('Members Clean Draft'!$A:$A,A8)>0,"Match","No match") -> Match
A9: 378ce48b-5c37-4a89-b796-316ec088cd7e | B9: =IF(COUNTIF('Members Clean Draft'!$A:$A,A9)>0,"Match","No match") -> Match
A10: b38b085b-877b-432f-b7bc-959b5fbb2349 | B10: =IF(COUNTIF('Members Clean Draft'!$A:$A,A10)>0,"Match","No match") -> Match
A11: 66f04a65-70c3-4c40-9632-e2adfd956312 | B11: =IF(COUNTIF('Members Clean Draft'!$A:$A,A11)>0,"Match","No match") -> Match
A12: 028ef489-2a33-43c6-9d30-c9902ff2f06f | B12: =IF(COUNTIF('Members Clean Draft'!$A:$A,A12)>0,"Match","No match") -> Match
A13: 896233d3-89f2-4e66-9c1c-fa7e26b26b89 | B13: =IF(COUNTIF('Members Clean Draft'!$A:$A,A13)>0,"Match","No match") -> Match
A14: 9adccede-8dc2-4a5f-b5fd-5edc989b7da6 | B14: =IF(COUNTIF('Members Clean Draft'!$A:$A,A14)>0,"Match","No match") -> Match
... A326: 4f6c8181-f39d-4428-93e9-762b2c0ee590 | B326: =IF(COUNTIF('Members Clean Draft'!$A:$A,A326)>0,"Match","No match") -> Match

Sheet Preference_Flags_Clean
A1: Preference_Flags_Clean
A2: Member_ID | B2: Extra_Standby_Response | C2: Preferred_Base_Primary | D2: Preferred_Base_Secondary | E2: Preferred_Base_Tertiary | F2: Raw_Notes_Comments | G2: Wants_Extra | H2: Extra_As_FF | I2: Extra_Secondary | J2: Preferred_Base_1 | K2: Preferred_Base_2 | L2: No_Sunday | M2: Only_Saturday | N2: Early_Season | O2: Late_Season | P2: Pairing_Request | Q2: Raw_Note
A3: bfbb3d07-9b5c-471c-a36f-b83c04b23fdb | B3: If NWL helitack is run again this year, I would like to opt in | C3: South Peninsula | D3: Newlands | E3: Newlands | F3: No Sunday standbys I would like to do the open day standby on 6 December 2025 I would like to do an even split for standbys between SPS and NWL | G3: {=IF(ISNUMBER(SEARCH("not", Preference_Flags_Clean!B3:B327)), "No", "Yes")} -> Yes | J3: =C3 -> South Peninsula | K3: =D3 -> Newlands | L3: 1 | Q3: =F3 -> No Sunday standbys I would like to do the open day standby on 6 December 2025 I would like to do an even split for standbys between SPS and NWL
A4: f2e6f0ab-3fb1-4a94-b8ec-4f9071ea238f | B4: 1 extra as a firefighter | C4: Newlands | D4: South Peninsula | E4: Stellenbosch/Helderberg | G4: Yes | H4: 1 | J4: =C4 -> Newlands | K4: =D4 -> South Peninsula | Q4: =F4 -> 0
A5: 3ed02464-4cc2-4e1b-af22-0049154b7aea | B5: 1 extra as a firefighter | C5: Newlands | D5: Newlands | E5: Newlands | F5: The earlier in season the stanbys are the better. | G5: Yes | H5: 1 | J5: =C5 -> Newlands | K5: =D5 -> Newlands | Q5: =F5 -> The earlier in season the stanbys are the better.
A6: 95aa57a4-a5ae-4c4d-a413-fbef856e44d8 | B6: I'd rather not, thanks. | C6: South Peninsula | D6: Newlands | F6: Am happy to do 1 of my 4 at NWL, ideally on a Sunday. Please not as an extra. | G6: No | J6: =C6 -> South Peninsula | K6: =D6 -> Newlands | L6: 1 | Q6: =F6 -> Am happy to do 1 of my 4 at NWL, ideally on a Sunday. Please not as an extra.
A7: d4472850-8a5d-4c0e-bdaa-4e36076302d0 | B7: 1 extra as a firefighter | C7: Newlands | D7: South Peninsula | F7: Must be on with 62ed5d8d-4dbf-464b-b8f3-4b2cd2c973e2 | G7: Yes | H7: 1 | J7: =C7 -> Newlands | K7: =D7 -> South Peninsula | P7: 1 | Q7: =F7 -> Must be on with 62ed5d8d-4dbf-464b-b8f3-4b2cd2c973e2
A8: 9f7143c0-148c-4a38-a077-99d723fc7d7a | B8: I'd rather not, thanks. | C8: Newlands | D8: South Peninsula | E8: Stellenbosch/Helderberg | G8: No | J8: =C8 -> Newlands | K8: =D8 -> South Peninsula | Q8: =F8 -> 0
A9: 97e21408-df02-4722-8215-91f4962617cc | B9: I'd rather not, thanks. | C9: Newlands | D9: South Peninsula | G9: No | J9: =C9 -> Newlands | K9: =D9 -> South Peninsula | Q9: =F9 -> 0
A10: 378ce48b-5c37-4a89-b796-316ec088cd7e | B10: 1 extra as a firefighter | C10: Stellenbosch/Helderberg | G10: Yes | H10: 1 | J10: =C10 -> Stellenbosch/Helderberg | K10: =D10 -> 0 | Q10: =F10 -> 0
A11: b38b085b-877b-432f-b7bc-959b5fbb2349 | B11: 1 extra as a firefighter | C11: South Peninsula, Stellenbosch/Helderberg | D11: Newlands | E11: South Peninsula, Stellenbosch/Helderberg | F11: Dual member with STB/HDB - would prefer those standbys later in the seasin(feb/mar/apr) due to work commitments | G11: Yes | H11: 1 | J11: =C11 -> South Peninsula, Stellenbosch/Helderberg | K11: =D11 -> Newlands | O11: 1 | P11: 1 | Q11: =F11 -> Dual member with STB/HDB - would prefer those standbys later in the seasin(feb/mar/apr) due to work commitments
A12: 66f04a65-70c3-4c40-9632-e2adfd956312 | B12: I'd rather not, thanks. | C12: Newlands | D12: Newlands | E12: Newlands | G12: No | J12: =C12 -> Newlands | K12: =D12 -> Newlands | Q12: =F12 -> 0
A13: 028ef489-2a33-43c6-9d30-c9902ff2f06f | B13: I'd rather not, thanks. | C13: Newlands | D13: South Peninsula | G13: No | J13: =C13 -> Newlands | K13: =D13 -> South Peninsula | Q13: =F13 -> 0
A14: 896233d3-89f2-4e66-9c1c-fa7e26b26b89 | B14: 1 extra stand by in a secondary role (eg: as a driver or planning) | C14: Newlands | F14: Not available before mid-Jan 2026 | G14: Yes | I14: 1 | J14: =C14 -> Newlands | K14: =D14 -> 0 | Q14: =F14 -> Not available before mid-Jan 2026
A15: 9adccede-8dc2-4a5f-b5fd-5edc989b7da6 | G15: Yes | J15: =C15 -> 0 | K15: =D15 -> 0 | Q15: =F15 -> 0
A16: 7314a85c-bb84-407b-a3d9-dca421f7454f | B16: If NWL helitack is run again this year, I would like to opt in | C16: Newlands | F16: I unfortunately work most weekends and going into summer season the calendar is very upside down. I will definitely have some weekends free but will only be able to confirm much closer to the time. | G16: Yes | J16: =C16 -> Newlands | K16: =D16 -> 0 | Q16: =F16 -> I unfortunately work most weekends and going into summer season the calendar is very upside down. I will definitely have some weekends free but will only be able to confirm much closer to the time.
A17: 363ca175-a31d-4353-97dc-879dc611455c | B17: 1 extra stand by in a secondary role (eg: as a driver or planning) | C17: South Peninsula | D17: Newlands | E17: South Peninsula | G17: Yes | I17: 1 | J17: =C17 -> South Peninsula | K17: =D17 -> Newlands | Q17: =F17 -> 0
A18: 0b396ecd-f02a-41ed-bf0d-ef87ef177e09 | B18: I'd rather not, thanks. | C18: South Peninsula | G18: No | J18: =C18 -> South Peninsula | K18: =D18 -> 0 | Q18: =F18 -> 0
A19: 02f22d58-165c-40b5-85ec-6db5c37d3a07 | B19: I'd rather not, thanks. | C19: Stellenbosch/Helderberg | D19: Newlands | E19: South Peninsula | F19: There is a chance that I may need to move to another province at the end of December 2025 subject to where my wife gets allocated for her government medical internship. We expect to be notified before the end of October and I will communicate this with the appropriate person ASAP. | G19: No | J19: =C19 -> Stellenbosch/Helderberg | K19: =D19 -> Newlands | P19: 1 | Q19: =F19 -> There is a chance that I may need to move to another province at the end of December 2025 subject to where my wife gets allocated for her government medical internship. We expect to be notified before the end of October and I will communicate this with the appropriate person ASAP.
A20: d4e5b7b1-714c-47fc-a630-e66c6265e105 | B20: 1 extra stand by in a secondary role (eg: as a driver or planning) | C20: Stellenbosch/Helderberg | D20: Newlands | E20: South Peninsula | F20: Can I please be slotted in more for HDB side than STB side | G20: Yes | I20: 1 | J20: =C20 -> Stellenbosch/Helderberg | K20: =D20 -> Newlands | Q20: =F20 -> Can I please be slotted in more for HDB side than STB side
A21: 78d662b6-a65d-4b54-b8b9-c79eb0c079f6 | B21: If NWL helitack is run again this year, I would like to opt in | C21: Newlands | D21: Newlands | E21: Newlands | G21: Yes | J21: =C21 -> Newlands | K21: =D21 -> Newlands | Q21: =F21 -> 0
A22: 1a2d9bdc-7c4f-404d-9df3-d79d7d25ab99 | B22: I'd rather not, thanks. | C22: Newlands | G22: No | J22: =C22 -> Newlands | K22: =D22 -> 0 | Q22: =F22 -> 0
A23: 10804e44-fc06-4d65-8115-05da4966a5b4 | B23: If NWL helitack is run again this year, I would like to opt in | C23: South Peninsula | D23: South Peninsula | E23: South Peninsula | G23: Yes | J23: =C23 -> South Peninsula | K23: =D23 -> South Peninsula | Q23: =F23 -> 0
A24: 3e65b11b-e7bb-4f38-bde3-eec32997e471 | B24: 1 extra as a firefighter | C24: Stellenbosch/Helderberg | F24: I can almost solely do Saturday standbys, I am almost always bust on Sundays. | G24: Yes | H24: 1 | J24: =C24 -> Stellenbosch/Helderberg | K24: =D24 -> 0 | L24: 1 | M24: 1 | Q24: =F24 -> I can almost solely do Saturday standbys, I am almost always bust on Sundays.
A25: b0929492-fb48-441d-9394-595f49472793 | B25: I'd rather not, thanks. | C25: Stellenbosch/Helderberg | F25: Only available at HDB not STB due to transport restraints. | G25: No | J25: =C25 -> Stellenbosch/Helderberg | K25: =D25 -> 0 | Q25: =F25 -> Only available at HDB not STB due to transport restraints.
A26: 67fe2313-2c1e-4fb7-a80e-edb9bbb4e4f3 | B26: 1 extra as a firefighter, If NWL helitack is run again this year, I would like to opt in | C26: Newlands | D26: Newlands | E26: South Peninsula | G26: Yes | H26: 1 | J26: =C26 -> Newlands | K26: =D26 -> Newlands | Q26: =F26 -> 0
A27: 418cff4b-295b-43c1-81fb-d109a37c5c99 | B27: 1 extra as a firefighter, If NWL helitack is run again this year, I would like to opt in | C27: Newlands | D27: Newlands | E27: Newlands | G27: Yes | H27: 1 | J27: =C27 -> Newlands | K27: =D27 -> Newlands | Q27: =F27 -> 0
A28: 663b7f6e-1ca5-4dd5-97d4-dcb92d4d2b17 | C28: Newlands | D28: Stellenbosch/Helderberg | F28: On Sunday 7 December I can't be on STB/HDB standby because I am not available at all on 6 December so cannot be on readiness in the evening. | G28: Yes | J28: =C28 -> Newlands | K28: =D28 -> Stellenbosch/Helderberg | L28: 1 | Q28: =F28 -> On Sunday 7 December I can't be on STB/HDB standby because I am not available at all on 6 December so cannot be on readiness in the evening.
A29: df8f2035-882e-4c59-90d0-51521a59dbd9 | B29: I'd rather not, thanks. | C29: Newlands | D29: South Peninsula | E29: South Peninsula, Stellenbosch/Helderberg | F29: Mostly random guesses sp if anyone has a serious need to be off I am happy to negotiate | G29: No | J29: =C29 -> Newlands | K29: =D29 -> South Peninsula | Q29: =F29 -> Mostly random guesses sp if anyone has a serious need to be off I am happy to negotiate
A30: 02372358-f49e-47ba-96dc-869f295bf76e | B30: If NWL helitack is run again this year, I would like to opt in | C30: Newlands | E30: South Peninsula | G30: Yes | J30: =C30 -> Newlands | K30: =D30 -> 0 | Q30: =F30 -> 0
A31: 2b4b032a-e2b6-48a5-a8a8-190822311a7b | B31: 1 extra as a firefighter | C31: Stellenbosch/Helderberg | G31: Yes | H31: 1 | J31: =C31 -> Stellenbosch/Helderberg | K31: =D31 -> 0 | Q31: =F31 -> 0
A32: f4b33818-86cf-422d-bb33-b019464cb18d | B32: If NWL helitack is run again this year, I would like to opt in | C32: Newlands | D32: Newlands | G32: Yes | J32: =C32 -> Newlands | K32: =D32 -> Newlands | Q32: =F32 -> 0
A33: fcd6dabf-4df6-4aa0-9883-ed90b0127c8b | G33: Yes | J33: =C33 -> 0 | K33: =D33 -> 0 | Q33: =F33 -> 0
A34: 16dcc952-ab7c-45cc-916a-4c1cc364e34c | B34: 1 extra as a firefighter, 1 extra stand by in a secondary role (eg: as a driver or planning), If NWL helitack is run again this year, I would like to opt in | C34: Newlands, South Peninsula, Stellenbosch/Helderberg | D34: Newlands, South Peninsula, Stellenbosch/Helderberg | E34: Newlands, South Peninsula, Stellenbosch/Helderberg | G34: Yes | H34: 1 | J34: =C34 -> Newlands, South Peninsula, Stellenbosch/Helderberg | K34: =D34 -> Newlands, South Peninsula, Stellenbosch/Helderberg | Q34: =F34 -> 0
A35: 1728d1fd-fe5e-426d-9c0d-008352176a3d | B35: I'd rather not, thanks. | C35: Newlands | G35: No | J35: =C35 -> Newlands | K35: =D35 -> 0 | Q35: =F35 -> 0
A36: 83f9f5b5-b38d-4c62-88ca-9c36b4a412ef | B36: I'd rather not, thanks. | C36: Newlands | G36: No | J36: =C36 -> Newlands | K36: =D36 -> 0 | Q36: =F36 -> 0
A37: 6ccc288e-dd07-4103-9056-41868c9f3575 | B37: I'd rather not, thanks. | C37: Newlands | D37: Newlands, Stellenbosch/Helderberg | E37: Newlands, South Peninsula, Stellenbosch/Helderberg | F37: Preferably at Stellenbosch base from February | G37: No | J37: =C37 -> Newlands | K37: =D37 -> Newlands, Stellenbosch/Helderberg | Q37: =F37 -> Preferably at Stellenbosch base from February
A38: 5a5c8fd0-96bf-4f1a-aeb8-b1b9553b6bf8 | B38: 1 extra as a firefighter, If NWL helitack is run again this year, I would like to opt in | C38: Newlands | D38: South Peninsula | G38: Yes | H38: 1 | J38: =C38 -> Newlands | K38: =D38 -> South Peninsula | Q38: =F38 -> 0
A39: 9f28807e-2a1a-4bd2-b285-7250b69bf3be | B39: 1 extra as a firefighter, If NWL helitack is run again this year, I would like to opt in | C39: Newlands | G39: Yes | H39: 1 | J39: =C39 -> Newlands | K39: =D39 -> 0 | Q39: =F39 -> 0
A40: a04d20b6-329b-44ca-91d9-b198e0d8c1a5 | B40: I'd rather not, thanks. | C40: Newlands | F40: Unfortunately likely not available in 2026 due to my wife's medical community service. I'll only know for certain towards the end of the year. If I'm placed near NWL, I'm happy to swap shifts to help out others doing Planning, but cannot commit to anything in 2026 until I know where in SA we're being placed. Apologies! | G40: No | J40: =C40 -> Newlands | K40: =D40 -> 0 | Q40: =F40 -> Unfortunately likely not available in 2026 due to my wife's medical community service. I'll only know for certain towards the end of the year. If I'm placed near NWL, I'm happy to swap shifts to help out others doing Planning, but cannot commit to anything in 2026 until I know where in SA we're being placed. Apologies!
A41: 0bbe59b3-49e2-499e-99b3-63721c98b235 | B41: 1 extra as a firefighter | C41: Newlands | D41: Newlands | E41: Newlands | G41: Yes | H41: 1 | J41: =C41 -> Newlands | K41: =D41 -> Newlands | Q41: =F41 -> 0
A42: 9013c39d-bbc9-40f2-a94e-3a9517ff794a | B42: I'd rather not, thanks. | C42: Stellenbosch/Helderberg | F42: Preference for STB | G42: No | J42: =C42 -> Stellenbosch/Helderberg | K42: =D42 -> 0 | Q42: =F42 -> Preference for STB
A43: dd0b4ba9-7bee-4ed9-b76b-3279d9a480b7 | B43: If NWL helitack is run again this year, I would like to opt in | C43: Newlands | G43: Yes | J43: =C43 -> Newlands | K43: =D43 -> 0 | Q43: =F43 -> 0
A44: 473d1a1c-13f8-4e67-b901-ab6e8d84b298 | B44: I'd rather not, thanks., If NWL helitack is run again this year, I would like to opt in | C44: South Peninsula | D44: South Peninsula | E44: South Peninsula | G44: No | J44: =C44 -> South Peninsula | K44: =D44 -> South Peninsula | Q44: =F44 -> 0
A45: 12f832cc-5871-45a3-9fdc-18c74f71e5b2 | B45: 1 extra stand by in a secondary role (eg: as a driver or planning) | C45: South Peninsula | G45: Yes | I45: 1 | J45: =C45 -> South Peninsula | K45: =D45 -> 0 | Q45: =F45 -> 0
A46: 1b2f80e6-2284-465b-ada2-df8ef1dbceae | B46: I'd rather not, thanks. | C46: Newlands | F46: can only saturdays please - thank you | G46: No | J46: =C46 -> Newlands | K46: =D46 -> 0 | M46: 1 | Q46: =F46 -> can only saturdays please - thank you
A47: 1697e9d6-ae4b-4abd-9692-65bc324eb726 | B47: 1 extra stand by in a secondary role (eg: as a driver or planning) | C47: Newlands | D47: Stellenbosch/Helderberg | E47: South Peninsula | G47: Yes | I47: 1 | J47: =C47 -> Newlands | K47: =D47 -> Stellenbosch/Helderberg | Q47: =F47 -> 0
A48: aa59445e-ab28-4033-887e-8587e3db669c | B48: 1 extra as a firefighter | C48: Newlands | D48: Newlands | E48: South Peninsula | G48: Yes | H48: 1 | J48: =C48 -> Newlands | K48: =D48 -> Newlands | Q48: =F48 -> 0
A49: b15b3624-2d4b-4ee2-87eb-a21e7ec5787c | B49: 1 extra as a firefighter | C49: Newlands | D49: Newlands | E49: Newlands | G49: Yes | H49: 1 | J49: =C49 -> Newlands | K49: =D49 -> Newlands | Q49: =F49 -> 0
A50: 92b01eea-0300-4775-bc7c-3fdc974ff54f | G50: Yes | J50: =C50 -> 0 | K50: =D50 -> 0 | Q50: =F50 -> 0
A51: 56a76465-a8ef-42c2-a9f7-44c0368e24d1 | B51: I'd rather not, thanks. | C51: Newlands | G51: No | J51: =C51 -> Newlands | K51: =D51 -> 0 | Q51: =F51 -> 0
A52: 9c525960-6b87-497e-85cd-7fd81d31bbfb | B52: I'd rather not, thanks. | C52: Stellenbosch/Helderberg | D52: South Peninsula | G52: No | J52: =C52 -> Stellenbosch/Helderberg | K52: =D52 -> South Peninsula | Q52: =F52 -> 0
A53: 60a29dee-ad63-41f6-b6b2-1410687f9dec | B53: 1 extra as a firefighter, If NWL helitack is run again this year, I would like to opt in | C53: Newlands | D53: South Peninsula | G53: Yes | H53: 1 | J53: =C53 -> Newlands | K53: =D53 -> South Peninsula | Q53: =F53 -> 0
A54: 57874cce-8d64-4c47-8111-f3ce2ab255ae | B54: 1 extra as a firefighter | C54: Newlands | D54: South Peninsula | E54: Stellenbosch/Helderberg | F54: From February - April Sundays will work better for me as I may get called into work on some Saturdays | G54: Yes | H54: 1 | J54: =C54 -> Newlands | K54: =D54 -> South Peninsula | L54: 1 | M54: 1 | Q54: =F54 -> From February - April Sundays will work better for me as I may get called into work on some Saturdays
A55: 2ddabd7f-e47e-44bc-8b7b-9233da4d44a2 | B55: I'd rather not, thanks. | C55: South Peninsula | E55: Newlands, N/A | G55: No | J55: =C55 -> South Peninsula | K55: =D55 -> 0 | Q55: =F55 -> 0
A56: 4543c3e9-8b50-4b43-beba-031c9d54fc3e | B56: If NWL helitack is run again this year, I would like to opt in | C56: Newlands | D56: South Peninsula | G56: Yes | J56: =C56 -> Newlands | K56: =D56 -> South Peninsula | Q56: =F56 -> 0
A57: c6532a99-20bf-4176-afea-5cbc49501527 | B57: If NWL helitack is run again this year, I would like to opt in | C57: Newlands | D57: South Peninsula | F57: will be applying for Helitack again | G57: Yes | J57: =C57 -> Newlands | K57: =D57 -> South Peninsula | Q57: =F57 -> will be applying for Helitack again
A58: 6ed44f25-a570-48ba-afa1-33b61540152e | B58: I'd rather not, thanks., If NWL helitack is run again this year, I would like to opt in | C58: Newlands | G58: No | J58: =C58 -> Newlands | K58: =D58 -> 0 | Q58: =F58 -> 0
A59: a535b1b2-d6e0-47e6-b01f-34c214dc0c37 | G59: Yes | J59: =C59 -> 0 | K59: =D59 -> 0 | Q59: =F59 -> 0
A60: 73fd417f-5f6c-4923-aeba-18fc9a366bff | B60: 1 extra as a firefighter, If NWL helitack is run again this year, I would like to opt in | C60: Newlands | E60: South Peninsula, Stellenbosch/Helderberg | F60: Must be on with 46ee8df1-1215-425f-b0fd-dac4f539cb26 Where possible, please give me Saturday standbys, I start work at 6am on a Monday, if I go to a fire I can get away with one late morning, but not to many. | G60: Yes | H60: 1 | J60: =C60 -> Newlands | K60: =D60 -> 0 | M60: 1 | O60: 1 | P60: 1 | Q60: =F60 -> Must be on with 46ee8df1-1215-425f-b0fd-dac4f539cb26 Where possible, please give me Saturday standbys, I start work at 6am on a Monday, if I go to a fire I can get away with one late morning, but not to many.
A61: 7d186b3f-9026-4d34-b3d0-a677af844ef9 | G61: Yes | J61: =C61 -> 0 | K61: =D61 -> 0 | Q61: =F61 -> 0
A62: 7b20441c-59b3-48b5-bac2-28b8ab9cc9ed | B62: I'd rather not, thanks. | C62: Newlands | F62: Must be on with eeb7b005-5b73-4491-8192-3162de381b32 | G62: No | J62: =C62 -> Newlands | K62: =D62 -> 0 | P62: 1 | Q62: =F62 -> Must be on with eeb7b005-5b73-4491-8192-3162de381b32
A63: 72944677-7875-4197-ae31-c1e80d9f0c34 | B63: I'd rather not, thanks. | C63: South Peninsula | D63: Newlands | E63: Stellenbosch/Helderberg | G63: No | J63: =C63 -> South Peninsula | K63: =D63 -> Newlands | Q63: =F63 -> 0
A64: 609e664c-15ee-4afe-b2a1-187435d0de90 | B64: 1 extra as a firefighter | C64: Newlands | D64: South Peninsula | G64: Yes | H64: 1 | J64: =C64 -> Newlands | K64: =D64 -> South Peninsula | Q64: =F64 -> 0
A65: a3964179-f1db-47a7-8986-4e07d48faf64 | B65: I'd rather not, thanks. | C65: Stellenbosch/Helderberg | D65: Stellenbosch/Helderberg | E65: Newlands | G65: No | J65: =C65 -> Stellenbosch/Helderberg | K65: =D65 -> Stellenbosch/Helderberg | Q65: =F65 -> 0
A66: 312ddb36-2bff-4427-ab5b-8e6e045e4650 | B66: 1 extra as a firefighter | C66: South Peninsula | D66: Newlands | E66: Stellenbosch/Helderberg | F66: My career requires on call weekends and this can change, will inform the station. | G66: Yes | H66: 1 | J66: =C66 -> South Peninsula | K66: =D66 -> Newlands | Q66: =F66 -> My career requires on call weekends and this can change, will inform the station.
A67: 8aec8059-75d2-4c1e-90e1-05e0be50002d | B67: I'd rather not, thanks. | C67: Stellenbosch/Helderberg | F67: na | G67: No | J67: =C67 -> Stellenbosch/Helderberg | K67: =D67 -> 0 | Q67: =F67 -> na
A68: cc00f8ae-a789-488c-98bc-179c073e7e3c | B68: 1 extra stand by in a secondary role (eg: as a driver or planning) | C68: Newlands | D68: South Peninsula | G68: Yes | I68: 1 | J68: =C68 -> Newlands | K68: =D68 -> South Peninsula | Q68: =F68 -> 0
A69: 419f379d-fe7a-4148-a6ed-70cff7f37e1e | B69: 1 extra as a firefighter | C69: South Peninsula | G69: Yes | H69: 1 | J69: =C69 -> South Peninsula | K69: =D69 -> 0 | Q69: =F69 -> 0
A70: a376171d-c414-4eb8-a744-17ed8ae1fc28 | B70: 1 extra as a firefighter, 1 extra stand by in a secondary role (eg: as a driver or planning), If NWL helitack is run again this year, I would like to opt in | C70: Newlands | D70: South Peninsula | G70: Yes | H70: 1 | J70: =C70 -> Newlands | K70: =D70 -> South Peninsula | Q70: =F70 -> 0
A71: ffbc20e9-c35d-43ca-a055-721a8dacb0d6 | B71: I'd rather not, thanks. | C71: Stellenbosch/Helderberg | G71: No | J71: =C71 -> Stellenbosch/Helderberg | K71: =D71 -> 0 | Q71: =F71 -> 0
A72: 81d2fa12-db1e-4ace-9124-a55629bf307f | B72: 1 extra stand by in a secondary role (eg: as a driver or planning) | C72: South Peninsula | D72: Newlands | E72: South Peninsula | G72: Yes | I72: 1 | J72: =C72 -> South Peninsula | K72: =D72 -> Newlands | Q72: =F72 -> 0
A73: b42117dd-863c-453f-bba0-f76858f2f34d | B73: 1 extra as a firefighter | C73: Newlands | D73: Newlands | E73: Newlands | G73: Yes | H73: 1 | J73: =C73 -> Newlands | K73: =D73 -> Newlands | Q73: =F73 -> 0
A74: 7642ad08-2d0c-4462-afb0-552000352956 | B74: 1 extra as a firefighter | C74: Newlands | G74: Yes | H74: 1 | J74: =C74 -> Newlands | K74: =D74 -> 0 | Q74: =F74 -> 0
A75: 6b8bfdb6-5a9e-4bfc-be0e-ba3dd02d742e | B75: 1 extra as a firefighter, If NWL helitack is run again this year, I would like to opt in | C75: Stellenbosch/Helderberg | D75: Newlands | E75: South Peninsula | F75: We haven’t recieved our exam time table for next year yet, so I’m not 100% sure of the dates, but will sort that out if it needs to be. | G75: Yes | H75: 1 | J75: =C75 -> Stellenbosch/Helderberg | K75: =D75 -> Newlands | Q75: =F75 -> We haven’t recieved our exam time table for next year yet, so I’m not 100% sure of the dates, but will sort that out if it needs to be.
A76: a11e7029-983d-4838-837e-d83eccc9f9e9 | B76: I'd rather not, thanks. | C76: Stellenbosch/Helderberg | D76: Newlands | G76: No | J76: =C76 -> Stellenbosch/Helderberg | K76: =D76 -> Newlands | Q76: =F76 -> 0
A77: 570f6d3e-07ed-4c3f-b323-b6ec814cd3f8 | B77: I'd rather not, thanks. | C77: Stellenbosch/Helderberg | D77: Stellenbosch/Helderberg | E77: Stellenbosch/Helderberg | G77: No | J77: =C77 -> Stellenbosch/Helderberg | K77: =D77 -> Stellenbosch/Helderberg | Q77: =F77 -> 0
A78: 04c0b819-4154-4a86-a0c2-726c404408a2 | B78: If NWL helitack is run again this year, I would like to opt in | C78: Newlands | F78: We're expecting our daughter (first child) at the end of January (ETA 26 Jan), so I've got a block of lot of no's for end January through February to accommodate for this. | G78: Yes | J78: =C78 -> Newlands | K78: =D78 -> 0 | Q78: =F78 -> We're expecting our daughter (first child) at the end of January (ETA 26 Jan), so I've got a block of lot of no's for end January through February to accommodate for this.
A79: 84ecfdd5-ca04-48d3-807a-07f54458d288 | B79: I'd rather not, thanks. | C79: Stellenbosch/Helderberg | D79: Stellenbosch/Helderberg | E79: Stellenbosch/Helderberg | G79: No | J79: =C79 -> Stellenbosch/Helderberg | K79: =D79 -> Stellenbosch/Helderberg | Q79: =F79 -> 0
A80: 0f0b573c-df94-45bf-9336-01a7a37cef83 | G80: Yes | J80: =C80 -> 0 | K80: =D80 -> 0 | Q80: =F80 -> 0
A81: 8547ff1e-a747-4c19-b3fe-813f07d82ff8 | B81: I'd rather not, thanks. | C81: Newlands | G81: No | J81: =C81 -> Newlands | K81: =D81 -> 0 | Q81: =F81 -> 0
A82: d4875b2e-ac52-44fb-93b0-044d1d078e92 | B82: 1 extra as a firefighter, 1 extra stand by in a secondary role (eg: as a driver or planning) | C82: Stellenbosch/Helderberg | D82: Stellenbosch/Helderberg | E82: Stellenbosch/Helderberg | F82: Specific request for November 15th 20225 | G82: Yes | H82: 1 | J82: =C82 -> Stellenbosch/Helderberg | K82: =D82 -> Stellenbosch/Helderberg | Q82: =F82 -> Specific request for November 15th 20225
A83: 0b72e418-d733-4834-a178-f3f84be71698 | B83: I'd rather not, thanks. | C83: Newlands | G83: No | J83: =C83 -> Newlands | K83: =D83 -> 0 | Q83: =F83 -> 0
A84: b5b46fd4-d75e-4023-8858-bbe0505184d6 | B84: 1 extra as a firefighter | C84: Newlands | D84: Newlands | E84: Newlands | G84: Yes | H84: 1 | J84: =C84 -> Newlands | K84: =D84 -> Newlands | Q84: =F84 -> 0
A85: 71535ceb-2ad3-408d-b6a1-1ea1108a6377 | B85: 1 extra as a firefighter | C85: Newlands | D85: South Peninsula | E85: Stellenbosch/Helderberg | G85: Yes | H85: 1 | J85: =C85 -> Newlands | K85: =D85 -> South Peninsula | Q85: =F85 -> 0
A86: e7e22542-906c-4f53-af39-d2deb0f3dae3 | B86: 1 extra as a firefighter | C86: Stellenbosch/Helderberg | D86: Stellenbosch/Helderberg | E86: Newlands | G86: Yes | H86: 1 | J86: =C86 -> Stellenbosch/Helderberg | K86: =D86 -> Stellenbosch/Helderberg | Q86: =F86 -> 0
A87: 31512974-2c3d-45f1-8e38-d022a12280cc | B87: 1 extra as a firefighter, 1 extra stand by in a secondary role (eg: as a driver or planning) | C87: Newlands | D87: South Peninsula | F87: Must be on with d6bfecb2-a27a-4d78-ab91-a9fec7323f96 | G87: Yes | H87: 1 | J87: =C87 -> Newlands | K87: =D87 -> South Peninsula | P87: 1 | Q87: =F87 -> Must be on with d6bfecb2-a27a-4d78-ab91-a9fec7323f96
A88: fe4343a0-6854-40dc-ae06-ed0d3e1ab1b2 | B88: 1 extra as a firefighter, 1 extra stand by in a secondary role (eg: as a driver or planning) | C88: Newlands | G88: Yes | H88: 1 | J88: =C88 -> Newlands | K88: =D88 -> 0 | Q88: =F88 -> 0
A89: c9671322-f97b-4f02-928d-060e68a121ce | B89: I'd rather not, thanks. | C89: Newlands | G89: No | J89: =C89 -> Newlands | K89: =D89 -> 0 | Q89: =F89 -> 0
A90: a42107b3-7228-4e3f-b8a9-5158355a0ef9 | B90: 1 extra as a firefighter | C90: South Peninsula | D90: South Peninsula | E90: South Peninsula | G90: Yes | H90: 1 | J90: =C90 -> South Peninsula | K90: =D90 -> South Peninsula | Q90: =F90 -> 0
A91: c2347b09-59c9-46a7-ab18-28c664dc118c | G91: Yes | J91: =C91 -> 0 | K91: =D91 -> 0 | Q91: =F91 -> 0
A92: 5918aa6f-7fa6-4122-9e89-de4a8427a53c | B92: If NWL helitack is run again this year, I would like to opt in | C92: Stellenbosch/Helderberg | D92: South Peninsula | E92: Newlands | F92: Saturday standbys OK | G92: Yes | J92: =C92 -> Stellenbosch/Helderberg | K92: =D92 -> South Peninsula | M92: 1 | Q92: =F92 -> Saturday standbys OK
A93: 86afe3f6-e350-4ee2-abb4-81e627f3470c | B93: I'd rather not, thanks. | C93: Stellenbosch/Helderberg | D93: Stellenbosch/Helderberg | E93: Newlands | G93: No | J93: =C93 -> Stellenbosch/Helderberg | K93: =D93 -> Stellenbosch/Helderberg | Q93: =F93 -> 0
A94: 0b384f7a-e454-447f-b18a-020a9f9e9635 | B94: 1 extra stand by in a secondary role (eg: as a driver or planning) | C94: Newlands | D94: Stellenbosch/Helderberg | E94: South Peninsula | G94: Yes | I94: 1 | J94: =C94 -> Newlands | K94: =D94 -> Stellenbosch/Helderberg | Q94: =F94 -> 0
A95: c4f2c2b4-3423-4a29-8d1d-67f5a945a84d | B95: 1 extra as a firefighter, If NWL helitack is run again this year, I would like to opt in | C95: Newlands | D95: Stellenbosch/Helderberg | E95: Stellenbosch/Helderberg | G95: Yes | H95: 1 | J95: =C95 -> Newlands | K95: =D95 -> Stellenbosch/Helderberg | Q95: =F95 -> 0
A96: 259de336-b352-422e-98bf-0227b153d7d2 | B96: 1 extra stand by in a secondary role (eg: as a driver or planning) | C96: South Peninsula | D96: Newlands | G96: Yes | I96: 1 | J96: =C96 -> South Peninsula | K96: =D96 -> Newlands | Q96: =F96 -> 0
A97: 99282b59-82d0-40d3-bf7c-b4646ae9d9c3 | B97: If NWL helitack is run again this year, I would like to opt in | C97: Newlands | G97: Yes | J97: =C97 -> Newlands | K97: =D97 -> 0 | Q97: =F97 -> 0
A98: 485a963b-d041-4535-ab53-090c46c12b0a | B98: 1 extra as a firefighter | C98: Stellenbosch/Helderberg | D98: Stellenbosch/Helderberg | E98: Stellenbosch/Helderberg | F98: Can I please be put down for HDB standbys over STB standbys as much as possible. | G98: Yes | H98: 1 | J98: =C98 -> Stellenbosch/Helderberg | K98: =D98 -> Stellenbosch/Helderberg | Q98: =F98 -> Can I please be put down for HDB standbys over STB standbys as much as possible.
A99: ecdd3808-2753-4748-ab41-57d46e5f19e5 | B99: I'd rather not, thanks. | C99: Newlands | F99: Ideally back to back standy's as i have to take full weekends off work (even if i'm only at vws for one of the days) and it would be great to limit the amount of days i have to take off work for. Totally understandable if this isnt possible though | G99: No | J99: =C99 -> Newlands | K99: =D99 -> 0 | Q99: =F99 -> Ideally back to back standy's as i have to take full weekends off work (even if i'm only at vws for one of the days) and it would be great to limit the amount of days i have to take off work for. Totally understandable if this isnt possible though
A100: 544777c4-ffb2-4e7f-88dc-a257399a331c | B100: 1 extra as a firefighter | C100: Newlands | D100: South Peninsula | E100: Stellenbosch/Helderberg | G100: Yes | H100: 1 | J100: =C100 -> Newlands | K100: =D100 -> South Peninsula | Q100: =F100 -> 0
...

Sheet Helitack_Clean
A1: Member_ID | B1: Helitack_Role | C1: Station | D1: Qualified | E1: Notes
A2: 48ce16c1-a830-40f8-a3fd-2f773f62c0e4 | B2: CL | C2: NWL | D2: 1
A3: 609e664c-15ee-4afe-b2a1-187435d0de90 | B3: CL | C3: NWL | D3: 1
A4: 473d1a1c-13f8-4e67-b901-ab6e8d84b298 | B4: CL | C4: SPS | D4: 1
A5: 522ce146-bd45-4e51-8bc2-17541f1e4a50 | B5: CL | C5: SPS | D5: 1
A6: 837e6dc1-a0cc-42dc-add0-e43ee86aff21 | B6: CL | C6: NWL | D6: 1
A7: 7be5c85c-6197-43e9-80dd-ad3d990b6fe6 | B7: CL | C7: NWL | D7: 1
A8: 21d06740-0eed-4962-9d2e-b86722bf36d0 | B8: CL | C8: SPS | D8: 1
A9: 9c525960-6b87-497e-85cd-7fd81d31bbfb | B9: ACL | C9: NWL | D9: 1
A10: 9adccede-8dc2-4a5f-b5fd-5edc989b7da6 | B10: ACL | C10: NWL | D10: 1
A11: f777d2a5-7066-4db0-a878-aaed32df72bb | B11: ACL | C11: SPS | D11: 1
A12: 9793fef7-c054-4ec2-83fd-06596ab60780 | B12: ACL | C12: NWL | D12: 1
A13: a3964179-f1db-47a7-8986-4e07d48faf64 | B13: ACL | C13: NWL | D13: 1
... A35: 418cff4b-295b-43c1-81fb-d109a37c5c99 | B35: FF2YR | C35: NWL | D35: 1

Sheet ControlDispatch_Avail_Clean
A1: Member_ID | B1: Intended_Role | C1: Window_Start | D1: Window_End | E1: Window_Type | F1: Available | G1: Dual_Role_OK | H1: Raw_Notes | I1: Notes
A2: d92c8113-b01c-48e3-a153-cac68ee5c991 | B2: JR Dispatch Role | C2: 45989 | D2: 45991 | E2: Dispatch Weekend | F2: 0 | G2: 0
A3: d92c8113-b01c-48e3-a153-cac68ee5c991 | B3: JR Dispatch Role | C3: 45996 | D3: 45998 | E3: Dispatch Weekend | F3: 0 | G3: 0
A4: d92c8113-b01c-48e3-a153-cac68ee5c991 | B4: JR Dispatch Role | C4: 46003 | D4: 46005 | E4: Dispatch Weekend | F4: 1 | G4: 0
A5: d92c8113-b01c-48e3-a153-cac68ee5c991 | B5: JR Dispatch Role | C5: 46010 | D5: 46012 | E5: Dispatch Weekend | F5: 0 | G5: 0
A6: d92c8113-b01c-48e3-a153-cac68ee5c991 | B6: JR Dispatch Role | C6: 46017 | D6: 46019 | E6: Dispatch Weekend | F6: 0 | G6: 0
A7: d92c8113-b01c-48e3-a153-cac68ee5c991 | B7: JR Dispatch Role | C7: 46024 | D7: 46026 | E7: Dispatch Weekend | F7: 0 | G7: 0
A8: d92c8113-b01c-48e3-a153-cac68ee5c991 | B8: JR Dispatch Role | C8: 46031 | D8: 46033 | E8: Dispatch Weekend | F8: 1 | G8: 0
A9: d92c8113-b01c-48e3-a153-cac68ee5c991 | B9: JR Dispatch Role | C9: 46038 | D9: 46040 | E9: Dispatch Weekend | F9: 0 | G9: 0
A10: d92c8113-b01c-48e3-a153-cac68ee5c991 | B10: JR Dispatch Role | C10: 46045 | D10: 46047 | E10: Dispatch Weekend | F10: 0 | G10: 0
A11: d92c8113-b01c-48e3-a153-cac68ee5c991 | B11: JR Dispatch Role | C11: 46052 | D11: 46054 | E11: Dispatch Weekend | F11: 0 | G11: 0
A12: d92c8113-b01c-48e3-a153-cac68ee5c991 | B12: JR Dispatch Role | C12: 46059 | D12: 46061 | E12: Dispatch Weekend | F12: 0 | G12: 0
A13: d92c8113-b01c-48e3-a153-cac68ee5c991 | B13: JR Dispatch Role | C13: 46066 | D13: 46068 | E13: Dispatch Weekend | F13: 0 | G13: 0
... A45: aab0739d-0066-441a-ba0e-d7b5933f42cb | B45: Control Role | C45: 46134 | D45: 46140 | E45: Control Weekly | F45: 0 | G45: 0
A46: 7c4a5ce9-d43e-42ed-94c5-bb35fbe1fbd8 | B46: Control Role | C46: 45987 | D46: 45993 | E46: Control Weekly | F46: 0 | G46: 0 | H46: Just thanks. That's all.
A47: 7c4a5ce9-d43e-42ed-94c5-bb35fbe1fbd8 | B47: Control Role | C47: 45994 | D47: 46000 | E47: Control Weekly | F47: 1 | G47: 0 | H47: Just thanks. That's all.
A48: 7c4a5ce9-d43e-42ed-94c5-bb35fbe1fbd8 | B48: Control Role | C48: 46001 | D48: 46007 | E48: Control Weekly | F48: 1 | G48: 0 | H48: Just thanks. That's all.
A49: 7c4a5ce9-d43e-42ed-94c5-bb35fbe1fbd8 | B49: Control Role | C49: 46008 | D49: 46014 | E49: Control Weekly | F49: 1 | G49: 0 | H49: Just thanks. That's all.
A50: 7c4a5ce9-d43e-42ed-94c5-bb35fbe1fbd8 | B50: Control Role | C50: 46015 | D50: 46021 | E50: Control Weekly | F50: 1 | G50: 0 | H50: Just thanks. That's all.
A51: 7c4a5ce9-d43e-42ed-94c5-bb35fbe1fbd8 | B51: Control Role | C51: 46022 | D51: 46028 | E51: Control Weekly | F51: 1 | G51: 0 | H51: Just thanks. That's all.
A52: 7c4a5ce9-d43e-42ed-94c5-bb35fbe1fbd8 | B52: Control Role | C52: 46029 | D52: 46035 | E52: Control Weekly | F52: 1 | G52: 0 | H52: Just thanks. That's all.
A53: 7c4a5ce9-d43e-42ed-94c5-bb35fbe1fbd8 | B53: Control Role | C53: 46036 | D53: 46042 | E53: Control Weekly | F53: 1 | G53: 0 | H53: Just thanks. That's all.
A54: 7c4a5ce9-d43e-42ed-94c5-bb35fbe1fbd8 | B54: Control Role | C54: 46043 | D54: 46049 | E54: Control Weekly | F54: 1 | G54: 0 | H54: Just thanks. That's all.
A55: 7c4a5ce9-d43e-42ed-94c5-bb35fbe1fbd8 | B55: Control Role | C55: 46050 | D55: 46056 | E55: Control Weekly | F55: 1 | G55: 0 | H55: Just thanks. That's all.
A56: 7c4a5ce9-d43e-42ed-94c5-bb35fbe1fbd8 | B56: Control Role | C56: 46057 | D56: 46063 | E56: Control Weekly | F56: 1 | G56: 0 | H56: Just thanks. That's all.
A57: 7c4a5ce9-d43e-42ed-94c5-bb35fbe1fbd8 | B57: Control Role | C57: 46064 | D57: 46070 | E57: Control Weekly | F57: 1 | G57: 0 | H57: Just thanks. That's all.
... A67: 7c4a5ce9-d43e-42ed-94c5-bb35fbe1fbd8 | B67: Control Role | C67: 46134 | D67: 46140 | E67: Control Weekly | F67: 1 | G67: 0 | H67: Just thanks. That's all.
A68: 13ff5803-e9ed-4dfe-87ce-5ce9f2753aed | B68: SNR Dispatch Role | C68: 45989 | D68: 45991 | E68: Dispatch Weekend | F68: 0 | G68: 0
A69: 13ff5803-e9ed-4dfe-87ce-5ce9f2753aed | B69: SNR Dispatch Role | C69: 45996 | D69: 45998 | E69: Dispatch Weekend | F69: 1 | G69: 0
A70: 13ff5803-e9ed-4dfe-87ce-5ce9f2753aed | B70: SNR Dispatch Role | C70: 46003 | D70: 46005 | E70: Dispatch Weekend | F70: 0 | G70: 0
A71: 13ff5803-e9ed-4dfe-87ce-5ce9f2753aed | B71: SNR Dispatch Role | C71: 46010 | D71: 46012 | E71: Dispatch Weekend | F71: 0 | G71: 0
A72: 13ff5803-e9ed-4dfe-87ce-5ce9f2753aed | B72: SNR Dispatch Role | C72: 46017 | D72: 46019 | E72: Dispatch Weekend | F72: 1 | G72: 0
A73: 13ff5803-e9ed-4dfe-87ce-5ce9f2753aed | B73: SNR Dispatch Role | C73: 46024 | D73: 46026 | E73: Dispatch Weekend | F73: 0 | G73: 0
A74: 13ff5803-e9ed-4dfe-87ce-5ce9f2753aed | B74: SNR Dispatch Role | C74: 46031 | D74: 46033 | E74: Dispatch Weekend | F74: 0 | G74: 0
A75: 13ff5803-e9ed-4dfe-87ce-5ce9f2753aed | B75: SNR Dispatch Role | C75: 46038 | D75: 46040 | E75: Dispatch Weekend | F75: 0 | G75: 0
A76: 13ff5803-e9ed-4dfe-87ce-5ce9f2753aed | B76: SNR Dispatch Role | C76: 46045 | D76: 46047 | E76: Dispatch Weekend | F76: 1 | G76: 0
A77: 13ff5803-e9ed-4dfe-87ce-5ce9f2753aed | B77: SNR Dispatch Role | C77: 46052 | D77: 46054 | E77: Dispatch Weekend | F77: 0 | G77: 0
A78: 13ff5803-e9ed-4dfe-87ce-5ce9f2753aed | B78: SNR Dispatch Role | C78: 46059 | D78: 46061 | E78: Dispatch Weekend | F78: 0 | G78: 0
A79: 13ff5803-e9ed-4dfe-87ce-5ce9f2753aed | B79: SNR Dispatch Role | C79: 46066 | D79: 46068 | E79: Dispatch Weekend | F79: 0 | G79: 0
... A111: 8b1b54f3-75db-403d-a065-edd4fb979460 | B111: SNR Dispatch Role | C111: 46136 | D111: 46138 | E111: Dispatch Weekend | F111: 0 | G111: 0
A112: 2fe8e74b-68c5-4836-8438-2ac96ca217ff | B112: Control Role | C112: 45987 | D112: 45993 | E112: Control Weekly | F112: 0 | G112: 0 | H112: Would prefer dispatch and control shifts not to overlap.
A113: 2fe8e74b-68c5-4836-8438-2ac96ca217ff | B113: Control Role | C113: 45994 | D113: 46000 | E113: Control Weekly | F113: 0 | G113: 0 | H113: Would prefer dispatch and control shifts not to overlap.
A114: 2fe8e74b-68c5-4836-8438-2ac96ca217ff | B114: Control Role | C114: 46001 | D114: 46007 | E114: Control Weekly | F114: 0 | G114: 0 | H114: Would prefer dispatch and control shifts not to overlap.
A115: 2fe8e74b-68c5-4836-8438-2ac96ca217ff | B115: Control Role | C115: 46008 | D115: 46014 | E115: Control Weekly | F115: 0 | G115: 0 | H115: Would prefer dispatch and control shifts not to overlap.
A116: 2fe8e74b-68c5-4836-8438-2ac96ca217ff | B116: Control Role | C116: 46015 | D116: 46021 | E116: Control Weekly | F116: 1 | G116: 0 | H116: Would prefer dispatch and control shifts not to overlap.
A117: 2fe8e74b-68c5-4836-8438-2ac96ca217ff | B117: Control Role | C117: 46022 | D117: 46028 | E117: Control Weekly | F117: 1 | G117: 0 | H117: Would prefer dispatch and control shifts not to overlap.
A118: 2fe8e74b-68c5-4836-8438-2ac96ca217ff | B118: Control Role | C118: 46029 | D118: 46035 | E118: Control Weekly | F118: 1 | G118: 0 | H118: Would prefer dispatch and control shifts not to overlap.
A119: 2fe8e74b-68c5-4836-8438-2ac96ca217ff | B119: Control Role | C119: 46036 | D119: 46042 | E119: Control Weekly | F119: 1 | G119: 0 | H119: Would prefer dispatch and control shifts not to overlap.
A120: 2fe8e74b-68c5-4836-8438-2ac96ca217ff | B120: Control Role | C120: 46043 | D120: 46049 | E120: Control Weekly | F120: 1 | G120: 0 | H120: Would prefer dispatch and control shifts not to overlap.
A121: 2fe8e74b-68c5-4836-8438-2ac96ca217ff | B121: Control Role | C121: 46050 | D121: 46056 | E121: Control Weekly | F121: 1 | G121: 0 | H121: Would prefer dispatch and control shifts not to overlap.
A122: 2fe8e74b-68c5-4836-8438-2ac96ca217ff | B122: Control Role | C122: 46057 | D122: 46063 | E122: Control Weekly | F122: 1 | G122: 0 | H122: Would prefer dispatch and control shifts not to overlap.
A123: 2fe8e74b-68c5-4836-8438-2ac96ca217ff | B123: Control Role | C123: 46064 | D123: 46070 | E123: Control Weekly | F123: 1 | G123: 0 | H123: Would prefer dispatch and control shifts not to overlap.
... A177: 0d76fe11-5ab3-43d8-9867-61b880cd3e5a | B177: OPS Dispatch Role | C177: 46136 | D177: 46138 | E177: Dispatch Weekend | F177: 1 | G177: 0 | H177: I am currently seeking alternative employment, so my availability is likely to change.
A178: 6bb9dba1-6902-427d-a833-9620cef566aa | B178: Control Role | C178: 45987 | D178: 45993 | E178: Control Weekly | F178: 0 | G178: 0
A179: 6bb9dba1-6902-427d-a833-9620cef566aa | B179: Control Role | C179: 45994 | D179: 46000 | E179: Control Weekly | F179: 0 | G179: 0
A180: 6bb9dba1-6902-427d-a833-9620cef566aa | B180: Control Role | C180: 46001 | D180: 46007 | E180: Control Weekly | F180: 0 | G180: 0
A181: 6bb9dba1-6902-427d-a833-9620cef566aa | B181: Control Role | C181: 46008 | D181: 46014 | E181: Control Weekly | F181: 1 | G181: 0
A182: 6bb9dba1-6902-427d-a833-9620cef566aa | B182: Control Role | C182: 46015 | D182: 46021 | E182: Control Weekly | F182: 1 | G182: 0
A183: 6bb9dba1-6902-427d-a833-9620cef566aa | B183: Control Role | C183: 46022 | D183: 46028 | E183: Control Weekly | F183: 1 | G183: 0
A184: 6bb9dba1-6902-427d-a833-9620cef566aa | B184: Control Role | C184: 46029 | D184: 46035 | E184: Control Weekly | F184: 1 | G184: 0
A185: 6bb9dba1-6902-427d-a833-9620cef566aa | B185: Control Role | C185: 46036 | D185: 46042 | E185: Control Weekly | F185: 1 | G185: 0
A186: 6bb9dba1-6902-427d-a833-9620cef566aa | B186: Control Role | C186: 46043 | D186: 46049 | E186: Control Weekly | F186: 1 | G186: 0
A187: 6bb9dba1-6902-427d-a833-9620cef566aa | B187: Control Role | C187: 46050 | D187: 46056 | E187: Control Weekly | F187: 1 | G187: 0
A188: 6bb9dba1-6902-427d-a833-9620cef566aa | B188: Control Role | C188: 46057 | D188: 46063 | E188: Control Weekly | F188: 0 | G188: 0
A189: 6bb9dba1-6902-427d-a833-9620cef566aa | B189: Control Role | C189: 46064 | D189: 46070 | E189: Control Weekly | F189: 1 | G189: 0
... A353: d8e64b86-e762-49b0-8fcf-e4fa767cb1f0 | B353: Control Role | C353: 46134 | D353: 46140 | E353: Control Weekly | F353: 1 | G353: 0
A354: 99555346-6927-4ceb-818c-e7d53b722046 | B354: OPS Dispatch Role | C354: 45989 | D354: 45991 | E354: Dispatch Weekend | F354: 0 | G354: 0 | H354: Nope
A355: 99555346-6927-4ceb-818c-e7d53b722046 | B355: OPS Dispatch Role | C355: 45996 | D355: 45998 | E355: Dispatch Weekend | F355: 1 | G355: 0 | H355: Nope
A356: 99555346-6927-4ceb-818c-e7d53b722046 | B356: OPS Dispatch Role | C356: 46003 | D356: 46005 | E356: Dispatch Weekend | F356: 1 | G356: 0 | H356: Nope
A357: 99555346-6927-4ceb-818c-e7d53b722046 | B357: OPS Dispatch Role | C357: 46010 | D357: 46012 | E357: Dispatch Weekend | F357: 0 | G357: 0 | H357: Nope
A358: 99555346-6927-4ceb-818c-e7d53b722046 | B358: OPS Dispatch Role | C358: 46017 | D358: 46019 | E358: Dispatch Weekend | F358: 1 | G358: 0 | H358: Nope
A359: 99555346-6927-4ceb-818c-e7d53b722046 | B359: OPS Dispatch Role | C359: 46024 | D359: 46026 | E359: Dispatch Weekend | F359: 1 | G359: 0 | H359: Nope
A360: 99555346-6927-4ceb-818c-e7d53b722046 | B360: OPS Dispatch Role | C360: 46031 | D360: 46033 | E360: Dispatch Weekend | F360: 0 | G360: 0 | H360: Nope
A361: 99555346-6927-4ceb-818c-e7d53b722046 | B361: OPS Dispatch Role | C361: 46038 | D361: 46040 | E361: Dispatch Weekend | F361: 0 | G361: 0 | H361: Nope
A362: 99555346-6927-4ceb-818c-e7d53b722046 | B362: OPS Dispatch Role | C362: 46045 | D362: 46047 | E362: Dispatch Weekend | F362: 1 | G362: 0 | H362: Nope
A363: 99555346-6927-4ceb-818c-e7d53b722046 | B363: OPS Dispatch Role | C363: 46052 | D363: 46054 | E363: Dispatch Weekend | F363: 0 | G363: 0 | H363: Nope
A364: 99555346-6927-4ceb-818c-e7d53b722046 | B364: OPS Dispatch Role | C364: 46059 | D364: 46061 | E364: Dispatch Weekend | F364: 1 | G364: 0 | H364: Nope
A365: 99555346-6927-4ceb-818c-e7d53b722046 | B365: OPS Dispatch Role | C365: 46066 | D365: 46068 | E365: Dispatch Weekend | F365: 0 | G365: 0 | H365: Nope
... A375: 99555346-6927-4ceb-818c-e7d53b722046 | B375: OPS Dispatch Role | C375: 46136 | D375: 46138 | E375: Dispatch Weekend | F375: 0 | G375: 0 | H375: Nope
A376: 790850d5-9599-4bd6-b7ca-43b7033e4c03 | B376: Control Role | C376: 45987 | D376: 45993 | E376: Control Weekly | F376: 1 | G376: 0
A377: 790850d5-9599-4bd6-b7ca-43b7033e4c03 | B377: Control Role | C377: 45994 | D377: 46000 | E377: Control Weekly | F377: 1 | G377: 0
A378: 790850d5-9599-4bd6-b7ca-43b7033e4c03 | B378: Control Role | C378: 46001 | D378: 46007 | E378: Control Weekly | F378: 1 | G378: 0
A379: 790850d5-9599-4bd6-b7ca-43b7033e4c03 | B379: Control Role | C379: 46008 | D379: 46014 | E379: Control Weekly | F379: 0 | G379: 0
A380: 790850d5-9599-4bd6-b7ca-43b7033e4c03 | B380: Control Role | C380: 46015 | D380: 46021 | E380: Control Weekly | F380: 0 | G380: 0
A381: 790850d5-9599-4bd6-b7ca-43b7033e4c03 | B381: Control Role | C381: 46022 | D381: 46028 | E381: Control Weekly | F381: 0 | G381: 0
A382: 790850d5-9599-4bd6-b7ca-43b7033e4c03 | B382: Control Role | C382: 46029 | D382: 46035 | E382: Control Weekly | F382: 1 | G382: 0
A383: 790850d5-9599-4bd6-b7ca-43b7033e4c03 | B383: Control Role | C383: 46036 | D383: 46042 | E383: Control Weekly | F383: 1 | G383: 0
A384: 790850d5-9599-4bd6-b7ca-43b7033e4c03 | B384: Control Role | C384: 46043 | D384: 46049 | E384: Control Weekly | F384: 1 | G384: 0
A385: 790850d5-9599-4bd6-b7ca-43b7033e4c03 | B385: Control Role | C385: 46050 | D385: 46056 | E385: Control Weekly | F385: 1 | G385: 0
A386: 790850d5-9599-4bd6-b7ca-43b7033e4c03 | B386: Control Role | C386: 46057 | D386: 46063 | E386: Control Weekly | F386: 1 | G386: 0
A387: 790850d5-9599-4bd6-b7ca-43b7033e4c03 | B387: Control Role | C387: 46064 | D387: 46070 | E387: Control Weekly | F387: 1 | G387: 0
... A419: 47ed41ca-7bfe-4638-b729-059cbfd3fcbf | B419: Control Role | C419: 46134 | D419: 46140 | E419: Control Weekly | F419: 1 | G419: 0
A420: 92061004-e601-453c-8cca-cc912862761e | B420: SNR Dispatch Role | C420: 45989 | D420: 45991 | E420: Dispatch Weekend | F420: 0 | G420: 0 | H420: This is the best I can do for now, with being on duty the whole weekend. I will be able to take over and cover for the day or a night, partially on other weekends, to give others a break.
A421: 92061004-e601-453c-8cca-cc912862761e | B421: SNR Dispatch Role | C421: 45996 | D421: 45998 | E421: Dispatch Weekend | F421: 0 | G421: 0 | H421: This is the best I can do for now, with being on duty the whole weekend. I will be able to take over and cover for the day or a night, partially on other weekends, to give others a break.
A422: 92061004-e601-453c-8cca-cc912862761e | B422: SNR Dispatch Role | C422: 46003 | D422: 46005 | E422: Dispatch Weekend | F422: 0 | G422: 0 | H422: This is the best I can do for now, with being on duty the whole weekend. I will be able to take over and cover for the day or a night, partially on other weekends, to give others a break.
A423: 92061004-e601-453c-8cca-cc912862761e | B423: SNR Dispatch Role | C423: 46010 | D423: 46012 | E423: Dispatch Weekend | F423: 0 | G423: 0 | H423: This is the best I can do for now, with being on duty the whole weekend. I will be able to take over and cover for the day or a night, partially on other weekends, to give others a break.
A424: 92061004-e601-453c-8cca-cc912862761e | B424: SNR Dispatch Role | C424: 46017 | D424: 46019 | E424: Dispatch Weekend | F424: 0 | G424: 0 | H424: This is the best I can do for now, with being on duty the whole weekend. I will be able to take over and cover for the day or a night, partially on other weekends, to give others a break.
A425: 92061004-e601-453c-8cca-cc912862761e | B425: SNR Dispatch Role | C425: 46024 | D425: 46026 | E425: Dispatch Weekend | F425: 0 | G425: 0 | H425: This is the best I can do for now, with being on duty the whole weekend. I will be able to take over and cover for the day or a night, partially on other weekends, to give others a break.
A426: 92061004-e601-453c-8cca-cc912862761e | B426: SNR Dispatch Role | C426: 46031 | D426: 46033 | E426: Dispatch Weekend | F426: 1 | G426: 0 | H426: This is the best I can do for now, with being on duty the whole weekend. I will be able to take over and cover for the day or a night, partially on other weekends, to give others a break.
A427: 92061004-e601-453c-8cca-cc912862761e | B427: SNR Dispatch Role | C427: 46038 | D427: 46040 | E427: Dispatch Weekend | F427: 1 | G427: 0 | H427: This is the best I can do for now, with being on duty the whole weekend. I will be able to take over and cover for the day or a night, partially on other weekends, to give others a break.
...

Sheet ControlDispatch_Demand_Clean
A1: Window_Start | B1: Window_End | C1: Role | D1: Required_Count | E1: Roster_Type | F1: Notes
A2: 45994 | B2: 46000 | C2: Control | D2: 1 | E2: Control
A3: 46001 | B3: 46007 | C3: Control | D3: 1 | E3: Control
A4: 46008 | B4: 46014 | C4: Control | D4: 1 | E4: Control
A5: 46015 | B5: 46021 | C5: Control | D5: 1 | E5: Control
A6: 46022 | B6: 46028 | C6: Control | D6: 1 | E6: Control
A7: 46029 | B7: 46035 | C7: Control | D7: 1 | E7: Control
A8: 46036 | B8: 46042 | C8: Control | D8: 1 | E8: Control
A9: 46043 | B9: 46049 | C9: Control | D9: 1 | E9: Control
A10: 46050 | B10: 46056 | C10: Control | D10: 1 | E10: Control
A11: 46057 | B11: 46063 | C11: Control | D11: 1 | E11: Control
A12: 46064 | B12: 46070 | C12: Control | D12: 1 | E12: Control
A13: 46071 | B13: 46077 | C13: Control | D13: 1 | E13: Control
... A88: 46136 | B88: 46138 | C88: Trainee Dispatcher | D88: 1 | E88: Dispatch

Sheet Final_Cleaning_QA
A1: Check | B1: Result
A2: Helitack rows | B2: 34
A3: Helitack unique members | B3: 34
A4: Helitack duplicate Member_IDs | B4: 0
